index,rewarded_coins,inference_count,missed_requests,inference_slot_nodes,inference_slot_weight,historical_inference_slot_nodes,historical_inference_slot_weight,lost_inference_slot_nodes,lost_inference_slot_weight,verification_slot_nodes,verification_slot_weight,all_mlnode_weight,excluded_reason,parent_base_weight,parent_confirmation_weight,historical_parent_confirmation_weight,likely_missed_reward_for_inference_slot
gonka10000627dkz6nvmf09ctqy073v0fls696uznwgg,0,0,0,0,0,1,4663,1,4663,1,4663,4663,,4663,0,0,False
gonka100009u7hegukxy5ne3w6ycfleaj7uuvh2juxqd,0,0,0,0,0,1,3589,1,3589,1,3589,3589,,3589,0,0,False
gonka10000uv63da0ee5drk26erkwrvcmpmj7kg6kw48,0,0,0,0,0,0,0,0,0,1,1912,1912,failed_confirmation_poc,1912,0,1912,False
gonka10003spukrualhl3h80k9x5m9vrmvlmp8kf4t4w,0,0,0,0,0,1,4299,1,4299,1,4299,4299,,4299,0,0,False
gonka10006x5p5z8zukfye552fd58qqj2qth69kv5kmn,0,0,0,0,0,0,0,0,0,1,4509,4509,failed_confirmation_poc,4509,0,4509,False
gonka100070ewvrcraax995yd78cm0nraryzp4hal3hk,0,0,0,0,0,0,0,0,0,1,5012,5012,failed_confirmation_poc,5012,0,5012,False
gonka10008pmwrke48xh42dhe0ul0mm0mhhvz6ta9srs,0,0,0,0,0,1,4824,1,4824,1,4824,4824,,4824,0,0,False
gonka100092zwvcksslturgx39lzwy6ztjxuttt3spej,0,0,0,0,0,0,0,0,0,1,4639,4639,failed_confirmation_poc,4639,0,4639,False
gonka1000937gjpju4udj2wlj3yld0lcw024tp0ztqew,0,0,0,0,0,1,4519,1,4519,1,4519,4519,,4519,0,0,False
gonka10009skl232h4c94st5ar3j3c2e34cfk2cpgrj0,0,0,0,0,0,0,0,0,0,1,4778,4778,failed_confirmation_poc,4778,0,4778,False
gonka1000hqfkcp3cs0fq4r78vvpkjlv5n4x4sdgcv7v,0,0,0,0,0,1,5576,1,5576,1,5576,5576,,5576,0,0,False
gonka1000rv0ddp9yk6djr4y29mt0gu3m4p8mg4kmjcv,0,0,0,0,0,1,2886,1,2886,1,2886,2886,,2886,0,0,False
gonka1000sng4u5jm7jdjnwxvq6uwmw067mvcurd9205,0,0,0,0,0,0,0,0,0,1,3365,3365,failed_confirmation_poc,3365,0,3365,False
gonka1000xjetteyu7gy726vnhdxq69y3meq04gvnk4d,0,0,0,0,0,1,3695,1,3695,1,3695,3695,,3695,0,0,False
gonka1000xmydnfvphwy4n5yww4ex6nwk9mqslf2gnhs,0,0,0,0,0,1,3655,1,3655,1,3655,3655,,3655,0,0,False
gonka1000zfcrzdjwwucvs9k2wuy4j5ecj69q5f4v57h,0,0,0,0,0,1,4142,1,4142,1,4142,4142,,4142,0,0,False
gonka100k8hr43z5vp0fnyc94m7lum6mj4st6vksxz8s,5470537719936,0,0,0,0,5,4628,5,4628,109,112535,112535,,112535,107907,107907,False
gonka104z9al2taf6gspj2qlsqtjwpxt7ypmpn5z0nxa,98554545372,0,0,0,0,0,0,0,0,2,1944,1944,,1944,1944,1944,False
gonka105ce4495mj0mwkxqeasgdzqfq5jjrfq32eza5l,11356079302,0,0,0,0,0,0,0,0,1,224,224,,224,224,224,False
gonka109g8dnt43nj45xhg83jyjt5f2ywz336w36qzyl,657689360659,0,0,0,0,0,0,0,0,4,12973,12973,,12973,12973,12973,False
gonka10etnufq85u67k075yuxq6h3rzwlcln5rffhlyx,5089297914790,0,0,0,0,2,61,2,61,126,100448,100448,,100448,100387,100387,False
gonka10fvaz7sgva6563fkcp9wxlk5hz7gj8fmu0w699,0,0,0,0,0,1,3518,1,3518,1,3518,3518,,3518,0,0,False
gonka10mmdjau4dnj8krs7sh7t7635ttnmq9u3vqgz09,153661948058,0,0,0,0,3,2602,3,2602,4,5633,5633,,5633,3031,3031,False
gonka10p49jx70haq9uhjy94y80zkfv3xk5pafk5wc5q,0,0,0,0,0,1,5761,1,5761,1,5761,5761,,5761,0,0,False
gonka10r7l6unulyg0wtk8kl980k7fpvjskxuxdtnt7t,25956752690,0,0,0,0,0,0,0,0,1,512,512,,512,512,512,False
gonka10vh6xfdrksy7npapnhs6pnwmd3ldpxgl8n2gdd,668741259266,0,0,0,0,0,0,0,0,4,13409,13409,,13409,13191,13409,False
gonka10vljxvwy6n9hh263chkt0hj0kg7t0qmdwfrurs,861135549230,0,0,0,0,2,5900,2,5900,7,23061,23061,,23061,16986,17161,False
gonka1270mrwh27pgnrtmmsmyy5rsq2h8ug6l4zvg4cu,0,0,0,0,0,1,3539,1,3539,1,3539,3539,,3539,0,0,False
gonka12gwxa8vcvahyd4ygcxp4624ywaw98wp953wuva,336221062198,0,0,0,0,2,6137,2,6137,4,13234,13234,,13234,6632,7097,False
gonka12hzd9zlz3tgslky477d4wa0jlwacv4nj9vxlmj,0,0,0,0,0,1,5965,1,5965,1,5965,5965,,5965,0,0,False
gonka12mqkaycdsc7qr37ey5rqw6vhjvkk7waxdc7rjh,854392877145,0,0,0,0,0,0,0,0,5,17656,17656,,17656,16853,17656,False
gonka13a4v8gxxjav5t4xq5y9cv9d8rfnvkjfw5adqz3,0,0,0,0,0,0,0,0,0,4,8328,8328,failed_confirmation_poc,8328,0,8328,False
gonka13jw6k5lleqepjyjsm8r4lhrfnn955h8wrexdz2,15563912257,0,0,0,0,0,0,0,0,2,339,339,,339,307,339,False
gonka13pacjyw9quwfvzllp2h7u27h6f5khqlftw3jmk,669957982049,0,0,0,0,0,0,0,0,4,13215,13215,,13215,13215,13215,False
gonka13xpjvala86d3y6jdjpnfk56ptjawq29t4gprtx,0,0,0,0,0,0,0,0,0,1,160,160,failed_confirmation_poc,160,0,160,False
gonka1450wvd5uugfj7gru4heut5ulnneunplvxs995e,0,0,0,0,0,2,7094,2,7094,2,7094,7094,,7094,0,0,False
gonka14cu38xpsd8pz5zdkkzwf0jwtpc0vv309ake364,2084347519785,0,0,0,0,2,3290,2,3290,19,45388,45388,,45388,41114,42098,False
gonka14dkhe6rhy2nq6snmkp2ssnaesumsuwctlmrzcn,0,0,0,0,0,2,658,2,658,2,658,658,,658,0,0,False
gonka14fn68sulr6v6l78kvur9u6yw5lwurtqcrqkh93,3274657278432,0,0,0,0,0,0,0,0,1,71744,71744,,71744,64593,71744,False
gonka14jxtac6gra9cc97q7gw6el2l7f2v2d32f8973x,0,0,0,0,0,1,3103,1,3103,1,3103,3103,,3103,0,0,False
gonka14law208gj4hgpr04y2udwlkkxh3k9mv07evgh4,2906243759284,0,0,0,0,0,0,0,0,5,58626,58626,,58626,57326,58626,False
gonka14p0njxtlnx2c8zn570nvvaf730gnnkwvetlwj8,600097815627,0,0,0,0,0,0,0,0,2,11837,11837,,11837,11837,11837,False
gonka14pdvgt025fwkf38cr74hhcj2nfl98c044tswya,0,0,0,0,0,1,1840,1,1840,1,1840,1840,,1840,0,0,False
gonka14qwpw2l0qmevxy9snllfaw0r9svnh4vdyl3897,1256469059939,0,0,0,0,5,1707,5,1707,49,28285,28285,,28285,24784,26578,False
gonka14s76f83l8m3guvr8vu54dmla798jzy3u09vxzx,898752561919,0,0,0,0,2,1698,2,1698,13,19890,19890,,19890,17728,18192,False
gonka14sk8te3wu4zh9dal9yd9tm3pd2qerdru4aqm05,3805858166507,0,0,0,0,0,0,0,0,5,75633,75633,,75633,75071,75633,False
gonka14tqh62mangwzrma2lgg2dm375rcjzn2ydy8ttm,0,0,0,0,0,5,12266,5,12266,11,29872,29872,failed_confirmation_poc,29872,3839,17606,False
gonka14ued4vcdeluj9v9vmsmteap7vtg7t50640hvmf,480098531214,0,0,0,0,0,0,0,0,3,9470,9470,,9470,9470,9470,False
gonka14vyhz7henu2lxssa02lf3qwmufv8kvxzn85frf,175867138836,0,0,0,0,0,0,0,0,1,3608,3608,,3608,3469,3608,False
gonka14yprk25twtverkpcsdgnrg5raeuycmkl5dwa34,1553501509188,0,0,0,0,0,0,0,0,1,31356,31356,,31356,30643,31356,False
gonka1547gss5hs48tg024zg7cm3f4r747a8ed0mrgru,14549976605,0,0,0,0,0,0,0,0,1,301,301,,301,287,301,False
gonka155cnj622zfdl64f23ljmk2tzv7tewl6fp4m2hl,4646664305916,0,0,0,0,2,4913,2,4913,25,97488,97488,,97488,91656,92575,False
gonka159kqhlp3psj4r7r9646lhjpfz5apwmyen6y7m2,25145604169,0,0,0,0,0,0,0,0,1,587,587,,587,496,587,False
gonka15hc8eqp4axp7lztjuk0y5z0af6drw5k0eltrue,15259731562,0,0,0,0,0,0,0,0,1,510,510,,510,301,510,False
gonka15kf06ehfplnqtvgnndyfym9w9f63686cvw3nqj,0,0,0,0,0,1,3101,1,3101,1,3101,3101,,3101,0,0,False
gonka15mh2v944wxk3phxfkegglpgfpq9mjcm6vmpyng,0,0,0,0,0,1,3545,1,3545,1,3545,3545,,3545,0,0,False
gonka15natyl5kwtzta9lr0xeqmew3j5thza2lslvw4x,0,0,0,0,0,0,0,0,0,1,610,610,failed_confirmation_poc,610,0,610,False
gonka15vunu0new53m83ccvfcmkf84v7q4s8ldsjfu4y,158985110231,0,0,0,0,0,0,0,0,1,3242,3242,,3242,3136,3242,False
gonka15x0egllrr3wlucagztrpf7u8365zdjjy3qh8aa,205981027700,0,0,0,0,0,0,0,0,1,4128,4128,,4128,4063,4128,False
gonka15ye48c3rp57hwt9t6tzc6h0t5sh88zvj0yznwn,0,0,0,0,0,0,0,0,0,17,66976,66976,failed_confirmation_poc,66976,0,66976,False
gonka16324l7r5jllqjm7e5wlf2h44cr3dsmjj8a6py7,0,0,0,0,0,1,3357,1,3357,1,3357,3357,,3357,0,0,False
gonka1662dun8ufuvjfa652th9farq6devh57p0v4r3y,2954811277014,0,0,0,0,0,0,0,0,5,58284,58284,,58284,58284,58284,False
gonka168yvlgt9jg86frg2z90cc8w4pz9hnd7f8lshux,0,0,0,0,0,1,2049,1,2049,1,2049,2049,,2049,0,0,False
gonka16lksjaqq2gqpeexvqg4xgux6hdtms3wnk4jjle,0,0,0,0,0,1,85,1,85,1,85,85,,85,0,0,False
gonka16msrxqwfedlll09hdwv0zmma6wttxx0wqqlt0y,3580663058201,0,0,0,0,0,0,0,0,5,75647,75647,,75647,70629,75647,False
gonka16p9vx68hfr5vpy6s59rvrz85le5dq22uymukgv,519439234511,0,0,0,0,0,0,0,0,11,10246,10246,,10246,10246,10246,False
gonka16sfwtnse80aleg7sgmumnu3qxhtf93mf86479a,0,0,0,0,0,1,2909,1,2909,1,2909,2909,,2909,0,0,False
gonka16sthutkxgr88vlkgvqak2h7pdt76fcznfz6w43,601517325540,0,0,0,0,0,0,0,0,15,12043,12043,,12043,11865,12043,False
gonka17339jstnve8h7mzms493x9twwznadymtvj7vjt,146006733885,0,0,0,0,0,0,0,0,1,3014,3014,,3014,2880,3014,False
gonka174srhxhfktxx4hv94zcdz4jqfw9kvc4ge2p0pu,0,0,0,0,0,1,3271,1,3271,1,3271,3271,,3271,0,0,False
gonka178p3vw9zxs885l4a29g3sep0v9uplfq4pzvmrq,0,0,0,0,0,4,15623,4,15623,4,15623,15623,,15623,0,0,False
gonka17amsnz2csvjwt3rdezys6gj7wggexxwtwt03a9,47249401382,0,0,0,0,2,2086,2,2086,3,3169,3169,,3169,932,1083,False
gonka17cnuuvplky4ck8hwj8smh6he6tgq6su45r5v5y,186716250313,0,0,0,0,0,0,0,0,1,3683,3683,,3683,3683,3683,False
gonka17nhy0gakmp3yhlrm5h9xghj5mgwgyxagr8zmm0,0,0,0,0,0,1,452,1,452,1,452,452,,452,0,0,False
gonka17rfqamx8vr4zpd6z0jnulre4acht2lj7tq205e,1476188915724,0,0,0,0,0,0,0,0,8,29573,29573,,29573,29118,29573,False
gonka17t9elrdnnzqd5q2w240ue47tn253gjuhpkflwx,678272254395,0,0,0,0,0,0,0,0,4,13637,13637,,13637,13379,13637,False
gonka17w5kpa57jtqnqy7wdp5d03jkjmk0vjwdpp5xmg,0,0,0,0,0,1,3390,1,3390,1,3390,3390,,3390,0,0,False
gonka17wmjdfda8tfkfujp24usqzsxv32vrycnhvj3cl,155892606492,0,0,0,0,0,0,0,0,1,3244,3244,,3244,3075,3244,False
gonka184jz8ja5gqkr3kt98a3a4syyypwj07j0qngukg,0,0,0,0,0,1,583,1,583,1,583,583,,583,0,0,False
gonka185kgdje9wjucxtkdu0nqhpqlwxutc5kc7nss8u,0,0,0,0,0,2,5730,2,5730,2,5730,5730,,5730,0,0,False
gonka18fgyw8c7deqkk4zq8n9efgrwjjypdrd7cskv48,155943303275,0,0,0,0,0,0,0,0,1,3435,3435,,3435,3076,3435,False
gonka18py93vhrf7mn3yjkqjdpkwlqfpavu3f06ssllv,4389580921355,0,0,0,0,0,0,0,0,5,94683,94683,,94683,86585,94683,False
gonka18v2az8fn2z28ykxu7zyc09crqdmjuldmnag0g2,3903195989098,0,0,0,0,0,0,0,0,184,77663,77663,,77663,76991,77663,False
gonka18xpmr5v362gwvxlq78twhg7ht07wu4kzdqu4y2,0,0,0,0,0,2,7638,2,7638,2,7638,7638,,7638,0,0,False
gonka192gv4k5kh88g5s9xll8k7w065lz0rjwh7zj55v,0,0,0,0,0,1,3307,1,3307,1,3307,3307,,3307,0,0,False
gonka1948n747ayualpznexxchnx95pdnpu25mph804e,0,0,0,0,0,1,68,1,68,1,68,68,,68,0,0,False
gonka199lgrq8l9xcqqnr0agajzl78c4dpfvwnsc4elm,0,0,0,0,0,2,6463,2,6463,2,6463,6463,,6463,0,0,False
gonka19f8zl7a979j0z90r5k0pajhua2y6ajtykxe8dk,120506252238,0,0,0,0,0,0,0,0,2,2418,2418,,2418,2377,2418,False
gonka19g7jp7tcpnh9ul6gkr3kdc3lmcy55w6swvql0f,0,0,0,0,0,1,29,1,29,1,29,29,,29,0,0,False
gonka19kd8xatmw86wyz6v5qmc9kqwfnk62cydql7da5,160607407274,0,0,0,0,0,0,0,0,1,3566,3566,,3566,3168,3566,False
gonka19mh7jn9xmzz9m0nrczgd32usqrcqm7mpsrh77j,0,0,0,0,0,1,3524,1,3524,1,3524,3524,,3524,0,0,False
gonka19nsaq8gdavl04mx0v6lhvzzdkqhu6uf56l38w0,0,0,0,0,0,1,3085,1,3085,1,3085,3085,,3085,0,0,False
gonka19pve9p3eth8j7ssv7k4f57lljrtjtl6mjgnuxq,671022614483,0,0,0,0,0,0,0,0,4,13236,13236,,13236,13236,13236,False
gonka19sf4axsacdphm598alpxt7t2qpacxttdmj5e06,2295651709658,0,0,0,0,0,0,0,0,1,45819,45819,,45819,45282,45819,False
gonka19yqs6l5s2wl908fswm58zptxvkvg82dtynwuku,3500511444912,0,0,0,0,0,0,0,0,4,74521,74521,,74521,69048,74521,False
gonka1a32tfg0a3xe7zer9m3ttuxr57wdffpc82qnacq,0,0,0,0,0,1,321,1,321,1,321,321,,321,0,0,False
gonka1a3f2cpds29pq0x7yvuh5we233l6aytcgl8gtlx,0,0,0,0,0,2,7570,2,7570,2,7570,7570,,7570,0,0,False
gonka1a3qq9jmmhr9xyn8p56v5hzfeuxp9r68suv6uhy,105246520676,0,0,0,0,0,0,0,0,1,2142,2142,,2142,2076,2142,False
gonka1a46zzvkdg5kf7raesh7rp2e3alx7gzgq3ww4ac,4740656140855,0,0,0,0,0,0,0,0,5,96607,96607,,96607,93510,96607,False
gonka1a9yz979xxryjh9hdzuyxddscwtg9g92079hjra,0,0,0,0,0,1,6057,1,6057,1,6057,6057,,6057,0,0,False
gonka1aev99sylsnfzyu2dwlnw6f9lugjkvav7kxqp0k,0,0,0,0,0,1,968,1,968,1,968,968,,968,0,0,False
gonka1afe8squhg6aqwuts34wsyuu3rmn349hqqp6tqf,279643452817,0,0,0,0,0,0,0,0,1,5516,5516,,5516,5516,5516,False
gonka1ag5r7em9qp7dn8nf6jecudhu38amu3nwtqv3cg,1049524793369,0,0,0,0,0,0,0,0,6,22254,22254,,22254,20702,22254,False
gonka1ajvs7j8wlgjy8d3kjad520am6jm3a4alj7k4jq,0,0,0,0,0,1,3310,1,3310,1,3310,3310,,3310,0,0,False
gonka1amlmhjym02shahjv8ldmupg4cx0qc66q6f85rj,77616774159,0,0,0,0,0,0,0,0,1,1531,1531,,1531,1531,1531,False
gonka1apnzzz6wlpevze3vzsmk7n0vp6az5609magdf6,521923376859,0,0,0,0,0,0,0,0,4,14061,14061,,14061,10295,14061,False
gonka1apw5tzk6a3l9hdpdx5q9v2leehvz5rvvw44x8s,532975275465,0,0,0,0,0,0,0,0,3,10513,10513,,10513,10513,10513,False
gonka1au034ld8fsrvtyxpzxx8nnnqe5kmhe20lmhuwm,0,0,0,0,0,1,341,1,341,1,341,341,,341,0,0,False
gonka1c8pemd8czpgeg69cu95y58fstuquw93uwqml7f,3310145026252,0,0,0,0,1,7620,1,7620,5,75150,75150,,75150,65293,67530,False
gonka1caju8tg6yg3wkvryhks57jwd8des6ssypfrhhj,675179750656,0,0,0,0,0,0,0,0,4,13862,13862,,13862,13318,13862,False
gonka1ceuk4gvskjw9deuvequ0hd6ty2u7h4jsg5a8uj,961160301299,0,0,0,0,0,0,0,0,18,19021,19021,,19021,18959,19021,False
gonka1cjvdez8e6mwjxg0e3g7rrds9ezm9c7kemlu3g7,0,0,0,0,0,1,3457,1,3457,1,3457,3457,,3457,0,0,False
gonka1cw859nqcd9mg3y3alraluswu55xz9j36evsxd3,472392620259,0,0,0,0,0,0,0,0,5,16958,16958,,16958,9318,16958,False
gonka1czjrfgs9xfuax25j8nsjrdklzn6repcn25zjxd,172470454402,0,0,0,0,0,0,0,0,1,3402,3402,,3402,3402,3402,False
gonka1d7p03cu2y2yt3vytq9wlfm6tlz0lfhlgv9h82p,25601875212,0,0,0,0,0,0,0,0,1,505,505,,505,505,505,False
gonka1desd6924c4aturcdmwk59jpye5em3q2ze8gvjn,1043643966588,0,0,0,0,0,0,0,0,4,21113,21113,,21113,20586,21113,False
gonka1dkl4mah5erqggvhqkpc8j3qs5tyuetgdy552cp,0,0,0,0,0,1,422,1,422,1,422,422,,422,0,0,False
gonka1dms4wtzer5zjx32c3grc5twksd8kdp0ut952g7,666358510484,0,0,0,0,0,0,0,0,4,13302,13302,,13302,13144,13302,False
gonka1e4elawx3wgp407u3vqr8kj7ctef0qzme6wvntr,187020431008,0,0,0,0,0,0,0,0,1,3749,3749,,3749,3689,3749,False
gonka1ea4hhgnahtu4g0zzpmz2p8elcyx7x99hamk0x4,689831120827,0,0,0,0,0,0,0,0,4,13607,13607,,13607,13607,13607,False
gonka1ehqrd2828q8zrkn4qafym30eky56krezucxxhz,4279061935289,0,0,0,0,0,0,0,0,5,84917,84917,,84917,84405,84917,False
gonka1erjgpt52lp7atyq5c5u5tpprtqjr4pt6zd2pny,0,0,0,0,0,1,3112,1,3112,1,3112,3112,,3112,0,0,False
gonka1ewlwawmd4z42daay08hspv45nmzlvffw0ums94,0,0,0,0,0,1,3557,1,3557,1,3557,3557,,3557,0,0,False
gonka1ex0ck58q3elelsysl3r9qwjljs7yn2yd65kr6h,3997694791863,0,0,0,0,0,0,0,0,5,79731,79731,,79731,78855,79731,False
gonka1f0u3y2wneer8zhz3ypw4x54h38cpa0qsy8ts3e,269098522036,0,0,0,0,2,974,2,974,8,6939,6939,,6939,5308,5965,False
gonka1f4mcr5pzn9rtdyzdv9dfg4x47vrqxk0f2ujqs7,172216970489,0,0,0,0,0,0,0,0,6,3397,3397,,3397,3397,3397,False
gonka1f5fhrywmd5p0jcd5atk4rm2tjxpdn772lw833k,899107439397,0,0,0,0,2,5476,2,5476,8,23636,23636,,23636,17735,18160,False
gonka1f7d43z2qpcv07huwf3qjj4zpssvx6080a357wh,3465125090658,0,0,0,0,2,5870,2,5870,22,74220,74220,,74220,68350,68350,False
gonka1fc9tzt83dgrqswlgay4668cuqjrk7zsqks2vm2,250188622127,0,0,0,0,0,0,0,0,2,4941,4941,,4941,4935,4941,False
gonka1fezpsxrwms4njwkskesu0s5t8wl46ueegk5s3p,15969486518,0,0,0,0,0,0,0,0,3,315,315,,315,315,315,False
gonka1ffjt0acf87chys5w93wsrdj2s94rrmcq8mt48l,848765534276,0,0,0,0,0,0,0,0,5,17326,17326,,17326,16742,17326,False
gonka1fnmyrkw6qta9uqn4q666c4d8k2vj3ves68rt38,26919991560,0,0,0,0,0,0,0,0,1,620,620,,620,531,620,False
gonka1frfr2z4lclq0wjqsrstnhm48rmvkmd0tfsssvk,0,0,0,0,0,1,3525,1,3525,1,3525,3525,,3525,0,0,False
gonka1fryp5vn5xppkwykzjul6e2crkgxgwhl2cunrmx,0,0,0,0,0,2,3687,2,3687,2,3687,3687,,3687,0,0,False
gonka1fs4fapsf05qf3992m92ac3cl38uzh56vev4806,0,0,0,0,0,3,582,3,582,3,582,582,,582,0,0,False
gonka1fvyenm5ms57hmyze8yl659c8ljg4r89nlwap9u,0,0,0,0,0,1,545,1,545,1,545,545,,545,0,0,False
gonka1fxdt48vp78uxa7apuuamv4clwafxagnjg9eulc,1186000532126,0,0,0,0,0,0,0,0,4,25150,25150,,25150,23394,25150,False
gonka1g47tma3ruze3dtk36ru97pcn6yp0ffcyws5dr6,24080971734,0,0,0,0,0,0,0,0,1,482,482,,482,475,482,False
gonka1g884r7q58wptvlcpuk09gvw9j5uhwadr4qjexs,466815974173,0,0,0,0,2,5315,2,5315,5,14921,14921,,14921,9208,9606,False
gonka1gd79gdm2s35rc4mhssgwrqh2lnmaff0wq4mwq6,558222273200,0,0,0,0,0,0,0,0,2,11011,11011,,11011,11011,11011,False
gonka1gdrrsudtxaldp2jrtn2v6qzpd8zr2u544pz3u5,161367859013,0,0,0,0,0,0,0,0,1,3183,3183,,3183,3183,3183,False
gonka1gsarmv9gsc7g9fv9nsqtk6t0d7erxpurf5mvvl,0,0,0,0,0,2,6187,2,6187,2,6187,6187,,6187,0,0,False
gonka1gstreuc0fz4gksar9sx2uzg4au2k7k83cremld,164764543447,0,0,0,0,0,0,0,0,1,3250,3250,,3250,3250,3250,False
gonka1gvrssnvlsj6he2lyv40y5fpdawn2xuvtldqv99,0,0,0,0,0,0,0,0,0,3,2079,2079,failed_confirmation_poc,2079,0,2079,False
gonka1gz6d9j834xvhvyt7c67ux6egugns7dlc5dzqds,0,0,0,0,0,2,6234,2,6234,2,6234,6234,,6234,0,0,False
gonka1h3s37p0l23mg6ak9h9nmayh6r9f2vm6umj3qet,813581967152,0,0,0,0,2,6205,2,6205,7,22698,22698,,22698,16048,16493,False
gonka1h583klq89w5m39tt832clppkfx807av7m07656,23726094256,0,0,0,0,0,0,0,0,1,470,470,,470,468,470,False
gonka1h60zhqxm8c40aupf2fwjd8uxlzsle9n55jmzn2,171304428402,0,0,0,0,0,0,0,0,1,3544,3544,,3544,3379,3544,False
gonka1hhx6pvs6n4ehgv4wzz7h9f68t8hm96t9fq0ydd,323851047243,0,0,0,0,0,0,0,0,2,6532,6532,,6532,6388,6532,False
gonka1hr7tssnwuw7jk8s4gjf8uq6k9aw2evnygsfd5y,166133356577,0,0,0,0,0,0,0,0,1,3277,3277,,3277,3277,3277,False
gonka1hx9a6297776yndfgajr7tc3e9kj96t77m4xxf7,184739075791,0,0,0,0,0,0,0,0,1,3644,3644,,3644,3644,3644,False
gonka1j3m7rwdjrf44xy8p7ff4w3srqxaml0f73x09ud,420022843834,0,0,0,0,2,1941,2,1941,10,10412,10412,,10412,8285,8471,False
gonka1jltjehxsnum94nt8c00ts7khmpy4lafv6gryzk,1914513298077,0,0,0,0,0,0,0,0,10,37764,37764,,37764,37764,37764,False
gonka1jrkf560tvgqw3f9z4axs9da34lgnrd396e3rs0,0,0,0,0,0,2,1113,2,1113,2,1113,1113,,1113,0,0,False
gonka1ju7jfznld7vg0f35wgz507m6c0lzgugpmajnvn,0,0,0,0,0,1,3721,1,3721,1,3721,3721,,3721,0,0,False
gonka1juwk05glldgn7850a3547jsl7l4vrhx9k5g3cr,0,0,0,0,0,1,3868,1,3868,1,3868,3868,,3868,0,0,False
gonka1k3lva2jsxu5qx30f65yxdlcey8d6f3unmy2gks,0,0,0,0,0,1,2005,1,2005,1,2005,2005,,2005,0,0,False
gonka1k3xh9h66ye5pdgv2v94xhf7paz445e7qwraz7h,2198415280633,0,0,0,0,5,2554,5,2554,79,46619,46619,,46619,43364,44065,False
gonka1kjrvy4xme4ctepdjspjdw677nmvdwlps4hl5h8,0,0,0,0,0,2,131,2,131,2,131,131,,131,0,0,False
gonka1ks3t0r8g5glvv4um6ml2gy5dzg7l3t2xmp3fg2,0,0,0,0,0,1,1860,1,1860,1,1860,1860,,1860,0,0,False
gonka1ktl3kkn9l68c9amanu8u4868mcjmtsr5tgzmjk,0,0,0,0,0,2,3347,2,3347,2,3347,3347,,3347,0,0,False
gonka1kx9mca3xm8u8ypzfuhmxey66u0ufxhs7nm6wc5,93282079982,0,0,0,0,1,465,1,465,2,2540,2540,,2540,1840,2075,False
gonka1ky9mpdps70l9fe59dg7a7ctnaunkuuc8uet8q2,0,0,0,0,0,1,3478,1,3478,1,3478,3478,,3478,0,0,False
gonka1l44nacmpmt83kavvevmhlh8elspjtjn6wvwzm0,0,0,0,0,0,4,13179,4,13179,4,13179,13179,,13179,0,0,False
gonka1l45efpupwqw9uky3gjwy35mwae9jwgffuqpm7s,945089421215,0,0,0,0,0,0,0,0,29,18642,18642,,18642,18642,18642,False
gonka1l4vfzkwd555pvxqzr3ksphgwgv8xsh89ytmjp0,2721859560970,0,0,0,0,5,24727,5,24727,16,79536,79536,,79536,53689,54809,False
gonka1lacrx7sdpwvy2fjxsldmz0w8ptk5qlegrh0qyc,2323180062610,0,0,0,0,0,0,0,0,5,56414,56414,,56414,45825,56414,False
gonka1lajfpxh74xse4xxease0trz5gwecze99875tjf,150822928232,0,0,0,0,0,0,0,0,1,2975,2975,,2975,2975,2975,False
gonka1lh0danzlvxm5qtaly7myqd3n5sus0fq92n8shx,0,0,0,0,0,2,2303,2,2303,2,2303,2303,,2303,0,0,False
gonka1lhycnwdtc6txcpvdvz2wym3zpdhlrj6w2z4evj,3804489353377,0,0,0,0,0,0,0,0,5,76865,76865,,76865,75044,76865,False
gonka1llxvtg0657ldmqn4l3t0ag496ff355j5kawagy,819412097151,0,0,0,0,2,5678,2,5678,7,21841,21841,,21841,16163,16163,False
gonka1lmgutdlel0fny79zvlsh9aw3c0dw75gtscka3g,896927477745,0,0,0,0,0,0,0,0,3,17954,17954,,17954,17692,17954,False
gonka1ln28jur0gvuwf8frx63lwwagysdf03e8ldayf3,1243034412550,0,0,0,0,0,0,0,0,7,24519,24519,,24519,24519,24519,False
gonka1lnynt0wfxhn049m7mjg7kpxcklspwz6ngw0rsv,65196062422,0,0,0,0,0,0,0,0,1,1286,1286,,1286,1286,1286,False
gonka1lqv96tny8a0344e6jfgxk500q5ct7zy9ekz49m,492316455821,0,0,0,0,2,6516,2,6516,5,16798,16798,,16798,9711,10282,False
gonka1lrls7q8nu8rhjgchctswfsjlnjh84vwycw3jgt,5112719828351,0,0,0,0,2,6282,2,6282,33,108758,108758,,108758,100849,102476,False
gonka1lzxwqhc5fqwltg57emk2lprd7qzmapp22mv0h7,0,0,0,0,0,1,3615,1,3615,1,3615,3615,,3615,0,0,False
gonka1m08n5646hjpavvmjfarad9kr9pxufe7sfy3v7e,663418097093,0,0,0,0,0,0,0,0,4,13086,13086,,13086,13086,13086,False
gonka1m2s8r88lj40thm3zkd0fc92sqk6wswhx8a2xyh,161672039708,0,0,0,0,0,0,0,0,1,3189,3189,,3189,3189,3189,False
gonka1mecj5za64q5cnuu3vaey88g7kn996h2lv8aylu,1082477702059,0,0,0,0,2,6256,2,6256,9,29163,29163,,29163,21352,22907,False
gonka1myu058axjs62mc3e7na9krwvqpfl9z3gtcw9es,1769368409496,0,0,0,0,2,3174,2,3174,22,38541,38541,,38541,34901,35367,False
gonka1n5r055hu5tr63rgqs7xg4d45ar8q6yy3qdhn04,0,0,0,0,0,1,207,1,207,1,207,207,,207,0,0,False
gonka1n6uaty84yezgfcymndq75nmza8y8krt9j0czjm,0,0,0,0,0,0,0,0,0,1,3253,3253,failed_confirmation_poc,3253,1308,3253,False
gonka1nccp3l8d8n36akvaper2ngzpe8a843key0n985,0,0,0,0,0,3,716,3,716,3,716,716,,716,0,0,False
gonka1ndlfjnp5d7eruyrhjvn6uape3jp630qld7l9yl,1218750653685,0,0,0,0,0,0,0,0,4,24040,24040,,24040,24040,24040,False
gonka1nge0x24twxwvran6rh4qe56ckxk3ecmkrjhjf2,50798176164,0,0,0,0,0,0,0,0,7,1002,1002,,1002,1002,1002,False
gonka1nkedq5vefl0xlxf66cgpx5l6eldtjtr3e2q5sp,894646122528,0,0,0,0,0,0,0,0,5,18313,18313,,18313,17647,18313,False
gonka1nq396dmfz2rntud8urt7ddyc7ysyg6rlax5vyc,4603369253576,0,0,0,0,0,0,0,0,5,94708,94708,,94708,90802,94708,False
gonka1ntsw9ufhpvzan82lhe496zhdqvfy9rptm6rr5s,0,0,0,0,0,0,0,0,0,1,1847,1847,failed_confirmation_poc,1847,32,1847,False
gonka1p209mlvngz8hu0p5ff7dsjzqhjpx4jzn6k652r,4018936743772,0,0,0,0,0,0,0,0,5,79274,79274,,79274,79274,79274,False
gonka1p22v6ncqsys9fh85gdmkakpe24x2zqfyp60z5q,0,0,0,0,0,0,0,0,0,0,0,0,,0,0,0,False
gonka1p2959dx973hd57qsalxvesrcv649296x90ry76,4039773121420,0,0,0,0,2,8265,2,8265,20,90736,90736,,90736,79685,82471,False
gonka1p2lhgng7tcqju7emk989s5fpdr7k2c3ek6h26m,0,0,0,0,0,1,621,1,621,1,621,621,,621,0,0,False
gonka1p57jas3hm3gmdvh64z92ycr28z968j0fn6n6jd,0,0,0,0,0,1,2920,1,2920,1,2920,2920,,2920,0,0,False
gonka1pf4z32nqz5ax7zsxsmf4tan8wsnp957y9t4qtt,0,0,0,0,0,1,2488,1,2488,1,2488,2488,,2488,0,0,False
gonka1pnfyj6kw3h3v2qu60j42j8h3cuf3jpqqgnaet7,0,0,0,0,0,3,17120,3,17120,3,17120,17120,,17120,0,0,False
gonka1pvkv59e72vju2h7s9j3ex62c5xneqey350vpwn,1682676911251,0,0,0,0,3,2720,3,2720,14,36648,36648,,36648,33191,33928,False
gonka1py4j23jhz2nah9d8lqpxn2lq6e07lx6e6jmaym,186919037443,0,0,0,0,0,0,0,0,1,3841,3841,,3841,3687,3841,False
gonka1pzdzdgd3auppy7x8a73suxaucgjcutfevrwzjp,0,0,0,0,0,3,17029,3,17029,3,17029,17029,,17029,0,0,False
gonka1q6v5taltnxxzjrgpheu5t7pfjwmsu6x8gs24sw,0,0,0,0,0,1,3186,1,3186,1,3186,3186,,3186,0,0,False
gonka1q96dv6st48490vtzx2pwuwkjg439dr4hg6dzjn,0,0,0,0,0,4,25165,4,25165,4,25165,25165,,25165,0,0,False
gonka1qjdt3qykdrka2am7s5rtrze44f7y8vccegjc70,0,0,0,0,0,1,3128,1,3128,1,3128,3128,,3128,0,0,False
gonka1qlt90c4hxccgnuc478jaa3xl5klga84xzrvpda,741795322992,0,0,0,0,0,0,0,0,3,14632,14632,,14632,14632,14632,False
gonka1qmlkwzrpv5zkzzpgkthftd29uqg0ka8dddc290,0,0,0,0,0,1,3545,1,3545,1,3545,3545,,3545,0,0,False
gonka1qre9aepalndahwj37xrcepndmut2vu9dr3kh4t,0,0,0,0,0,1,94,1,94,1,94,94,,94,0,0,False
gonka1qvpct2fqwpfqhznwjqs498ggp7wyxjkd4mvxhz,0,0,0,0,0,1,3479,1,3479,1,3479,3479,,3479,0,0,False
gonka1qx3znmtpxqgmz3t4tgpdk68dsfxuccn6cxnp8s,2780921312698,0,0,0,0,0,0,0,0,54,56593,56593,,56593,54854,56593,False
gonka1r288zwzcvw87qeyk7tdwe29nux2s4wxzustuk8,664279942397,0,0,0,0,0,0,0,0,4,13103,13103,,13103,13103,13103,False
gonka1r34p353cxrvxf3x29raz0x8axflen82a04env4,21802556931065,0,0,0,0,2,6005,2,6005,125,439847,439847,,439847,430058,433842,False
gonka1r4qetzmw4g3aenwtcxpdm6l42aeq5gzwqltn39,0,0,0,0,0,2,1959,2,1959,2,1959,1959,,1959,0,0,False
gonka1rcpc45n6zch9qlkn4m3cwngekad89xu8mcr09v,3300563334341,0,0,0,0,2,4998,2,4998,21,71344,71344,,71344,65104,66346,False
gonka1rdarkrtrfnfcvrnf58jyndccqj0r4k630n38rh,875533435488,0,0,0,0,0,0,0,0,5,17564,17564,,17564,17270,17564,False
gonka1rk43zfsxe7tefa88qh3t7wl3dvjwn3hq22njc4,0,0,0,0,0,1,3494,1,3494,1,3494,3494,,3494,0,0,False
gonka1rn5nud8367cnspgas0dmtq2plxkacjsttqtdy8,302000733943,0,0,0,0,0,0,0,0,2,5957,5957,,5957,5957,5957,False
gonka1rpedugp4rhy989wfg8tr5ux7k6d4fhkjlqk234,0,0,0,0,0,1,3707,1,3707,1,3707,3707,,3707,0,0,False
gonka1rt963v04mgt43ju2smuakde99pv7wscy5yxnte,0,0,0,0,0,1,3408,1,3408,1,3408,3408,,3408,0,0,False
gonka1rvjfqzm8spt5nfq84jvfdr8we8pgkv8ent08s5,79796735811,0,0,0,0,0,0,0,0,3,1574,1574,,1574,1574,1574,False
gonka1s5vtmnn8tqvqfh7gd9hv48kkt2t4mkh7s85zh6,0,0,0,0,0,0,0,0,0,3,11715,11715,failed_confirmation_poc,11715,0,11715,False
gonka1shc0ywxd993zz3w3h5xdp5uhgu9rv27ws7mmqx,0,0,0,0,0,2,4957,2,4957,2,4957,4957,,4957,0,0,False
gonka1slnscxc26qm7vvpn5qs9yzq9n0l82r4ywkl054,0,0,0,0,0,1,338,1,338,1,338,338,,338,0,0,False
gonka1sskwvat6wk6sdjjg87ne2nhexdyznxntu07vzh,1922067118685,0,0,0,0,0,0,0,0,5,45291,45291,,45291,37913,45291,False
gonka1svynlfqqsxzuxfm67lgy986438h6l2u8tz4clj,361822937410,0,0,0,0,0,0,0,0,2,7404,7404,,7404,7137,7404,False
gonka1t8x0m85qvyfzvyevwrj2m28ytf6w3kmlf5r7ez,163547820665,0,0,0,0,0,0,0,0,1,3455,3455,,3455,3226,3455,False
gonka1trz6e3rczlp4ma749v8zk6xng9jmcnrvnwv4rh,3579902606462,0,0,0,0,0,0,0,0,5,74980,74980,,74980,70614,74980,False
gonka1tvjdvlf3jmc48ckycguvdvlepgj7jgx9q5m2aw,0,0,0,0,0,5,1715,5,1715,5,1715,1715,,1715,0,0,False
gonka1tx980hp394dfn80rut6gr3j5yujz7wdl08dups,655914973269,0,0,0,0,0,0,0,0,4,13493,13493,,13493,12938,13493,False
gonka1u4gtnwh0hvzlyvran3l7my7hr883ej367ed80r,682277300220,0,0,0,0,0,0,0,0,4,13458,13458,,13458,13458,13458,False
gonka1u4zxypjgcr8khlzefwjr0vwdaj2uzruw2cehj3,164308272404,0,0,0,0,0,0,0,0,1,3403,3403,,3403,3241,3403,False
gonka1u60q4n3ymcglvhglylchpyvc04kvvurl967mgk,0,0,0,0,0,1,330,1,330,1,330,330,,330,0,0,False
gonka1ujfwdfe0tq667vt5sz2pus524zpjveedp4tkj2,324560802200,0,0,0,0,0,0,0,0,2,6402,6402,,6402,6402,6402,False
gonka1uk73fw4tnfv9rfdeekxycvt0v8cncr64syejra,0,0,0,0,0,1,3035,1,3035,1,3035,3035,,3035,0,0,False
gonka1un2c9f66mg2g6xcpmulq9tqfs3vjd7nn0ftjs5,0,0,0,0,0,1,113,1,113,1,113,113,,113,0,0,False
gonka1uv8lw89ththtj05c54wehfnqls9u2pza53q33z,0,0,0,0,0,1,3418,1,3418,1,3418,3418,,3418,0,0,False
gonka1uwknfekug2ykhygjpfy5n7uc8l6naxz267dgsw,32141760167,0,0,0,0,0,0,0,0,1,634,634,,634,634,634,False
gonka1ux86q8cgnpvkal497xag8p04ds2u2v23qxawv6,2378439555643,0,0,0,0,0,0,0,0,160,47319,47319,,47319,46915,47319,False
gonka1v425qs8gxupjcw3lqx5fsldtve88vd9gaa7r60,1212413555860,0,0,0,0,2,6817,2,6817,9,31308,31308,,31308,23915,24491,False
gonka1v5ggga7lslfg2e57m9anxud40v2s4t9dw8yj68,2155272318641,0,0,0,0,5,18032,5,18032,16,60545,60545,,60545,42513,42513,False
gonka1vdw6tst3lelc84garssnnjzx7fjpkja2wzpxe8,835482977235,0,0,0,0,0,0,0,0,5,16802,16802,,16802,16480,16802,False
gonka1vjshzxh3sfam2xh0f7vzz4klrv5pkq4zutk8qt,4474751516122,0,0,0,0,0,0,0,0,23,88265,88265,,88265,88265,88265,False
gonka1vkafyzr5yz5aht6gzapw6lc52h5wwmnrjwvqlz,334750855502,0,0,0,0,2,6825,2,6825,4,14030,14030,,14030,6603,7205,False
gonka1vkh8e2uqk9mdw0ql83g0p4ge0wmqstcasulngn,0,0,0,0,0,1,176,1,176,1,176,176,,176,0,0,False
gonka1vmwqf4mkl4ucqnrgjmnsl694hktepaecuvvyz0,0,0,0,0,0,0,0,0,0,1,583,583,failed_confirmation_poc,583,0,583,False
gonka1vn6hk34wme5xvqzjmm26u9snkxg7nqd490gmwq,0,0,0,0,0,2,6852,2,6852,2,6852,6852,,6852,0,0,False
gonka1vwsp87trl60t4g67fa677k7d7jztuc3g4qjc3w,0,0,0,0,0,2,7574,2,7574,2,7574,7574,,7574,0,0,False
gonka1vxs4azxcym36wts0t7z5nj65ma8pnkvpmywxa0,0,0,0,0,0,1,1633,1,1633,1,1633,1633,,1633,0,0,False
gonka1vy396smh98ak3ts4zlthjnsv2ypr845mrfz7x5,415612223748,0,0,0,0,0,0,0,0,2,8198,8198,,8198,8198,8198,False
gonka1w2dtrs7thx2jfeu389ztwc38h0nd4pv2hl7xtp,2192078182808,0,0,0,0,0,0,0,0,3,46659,46659,,46659,43239,46659,False
gonka1w2pxkv4v6r5h6sdvges287l2g5rsd3r4x77080,0,0,0,0,0,3,342,3,342,3,342,342,,342,0,0,False
gonka1w3ewq7swwdxx8fsht8tl250f7qv44edhlltrh8,0,0,0,0,0,1,4147,1,4147,1,4147,4147,,4147,0,0,False
gonka1w6cjf08fgm3yalqf7ytt0hz6thlhs53d2fn7j2,0,0,0,0,0,2,204,2,204,2,204,204,,204,0,0,False
gonka1w6kt2aj02du25kuc9wsza94h9l7exa0uf64fjq,24680004917833,0,0,0,0,0,0,0,0,114,490576,490576,,490576,486816,490576,False
gonka1w6wwv3wq25p8qge4lqsnfzs8lsd3s8ty6au65p,8550265869275,0,0,0,0,0,0,0,0,42,172557,172557,,172557,168655,172557,False
gonka1wnhd4uqvf3k38av7m9s3ssdzu0kvqskmes69gu,758677351597,0,0,0,0,0,0,0,0,4,23058,23058,,23058,14965,23058,False
gonka1x3wd5ypslj50nk9cvs72e3re9mfcdpcqwhnulj,187578095617,0,0,0,0,0,0,0,0,1,3758,3758,,3758,3700,3758,False
gonka1xg25gmn8uzeyzqqrchx6mfz379mvg43zsvj0y3,637005073359,0,0,0,0,0,0,0,0,5,12565,12565,,12565,12565,12565,False
gonka1xkk2g9t0t7euahr5wtjerv7tng3pnrcl0h3gcz,106767424154,0,0,0,0,0,0,0,0,1,3522,3522,,3522,2106,3522,False
gonka1xteg3zgysvkvfl4lzs5gwxpkgtx0qra6m90jv3,0,0,0,0,0,1,1495,1,1495,1,1495,1495,,1495,0,0,False
gonka1y07fqanen3dwgr5dku36gy8lfk3uxtj000t38p,3676885551575,0,0,0,0,0,0,0,0,5,75846,75846,,75846,72527,75846,False
gonka1y0y9fcfhlhuz76falhdekx8w56pk88jaxssydu,303065366378,0,0,0,0,0,0,0,0,1,5978,5978,,5978,5978,5978,False
gonka1y29s2ckdl0csktxhpx77a7dvwyhj9u4xyrcynm,0,0,0,0,0,1,3623,1,3623,1,3623,3623,,3623,0,0,False
gonka1y2a9p56kv044327uycmqdexl7zs82fs5ryv5le,108643205110,0,0,0,0,0,0,0,0,2,2200,2200,,2200,2143,2200,False
gonka1y3r32jhy6s4ge2sl5ly5s90gc0r9d2n4wmzvu9,2665687525850,0,0,0,0,0,0,0,0,1,52581,52581,,52581,52581,52581,False
gonka1y95qr73kms3zv5ju0kxtu58ksxdyrkyz8m0430,4223650351908,0,0,0,0,1,3683,1,3683,22,87623,87623,,87623,83312,83940,False
gonka1yd8s6z8enw080kj2wgynuwdxzx40gttchqe4za,360910395324,0,0,0,0,0,0,0,0,2,7119,7119,,7119,7119,7119,False
gonka1ye7unfm0nf6qa7awmcgxql7u2zq9fqv0g5qw3h,21089861561,0,0,0,0,0,0,0,0,1,416,416,,416,416,416,False
gonka1yk34z38t92jzjgq2ga7tkfpj07sf4ss3tj6n2m,161672039708,0,0,0,0,1,3114,1,3114,2,6569,6569,,6569,3189,3455,False
gonka1ym3np7guxart483yfdxnlztuazx22cjt0e4a2p,2325410721044,0,0,0,0,0,0,0,0,19,46668,46668,,46668,45869,46668,False
gonka1yn54kaefrf7sjk66c74gqap0mquzjqvthsyhwe,159745561970,0,0,0,0,0,0,0,0,1,3362,3362,,3362,3151,3362,False
gonka1ypy2ygsa7se9lrcwxlstgwsy0lfged0kg8ft95,0,0,0,0,0,1,3891,1,3891,1,3891,3891,,3891,0,0,False
gonka1yq4vwn7fc9x7lykjhc0x3e7r2atee32czy34mt,0,0,0,0,0,3,631,3,631,56,49607,49607,failed_confirmation_poc,49607,0,48976,False
gonka1yquunstmnn35tuc6wsrlv020ul2rnuyldqkt37,0,0,0,0,0,5,19570,5,19570,9,35327,35327,failed_confirmation_poc,35327,0,15757,False
gonka1yysfdney9ayqhgd8e03zdkhqte3pr09zzevdrq,214700874307,0,0,0,0,0,0,0,0,38,4272,4272,,4272,4235,4272,False
gonka1z3kelh3gx3t6kz303f8trdll3j5ap3zz8csyfm,5249144870325,0,0,0,0,1,1035,1,1035,83,104734,104734,,104734,103540,103699,False
gonka1z4ldfav9tl7x3w9aqfry89zd0kt7sa2lhff6te,2321659159132,0,0,0,0,4,10125,4,10125,20,55920,55920,,55920,45795,45795,False
gonka1z8dh5kqdn2nnsg527qawy58ca5fme38xffq7ah,85373381897,0,0,0,0,0,0,0,0,1,1684,1684,,1684,1684,1684,False
gonka1zap7nsccl6x83ucwvq0q6qrefmf9n7ejmj49j3,1943106283463,0,0,0,0,0,0,0,0,10,38828,38828,,38828,38328,38828,False
gonka1zmxs507rnegc0takkkarfsu4cktemhzz4anmet,111989192761,0,0,0,0,0,0,0,0,10,2242,2242,,2242,2209,2242,False
gonka1zpm8qujddac84y7wfh7h3p85ys336n9zjqckzl,176019229184,0,0,0,0,0,0,0,0,1,3814,3814,,3814,3472,3814,False
gonka1zrnrd7zcqnhjytqa8zsg63slxt2g45ctlqy3fm,173028119011,0,0,0,0,0,0,0,0,1,3413,3413,,3413,3413,3413,False
gonka1zv89w02sdfzwy74s9vcthk38dnfsw36s4h7s93,538349134421,0,0,0,0,0,0,0,0,2,12970,12970,,12970,10619,12970,False
