real_reward_chain,simulated_reward_chain_formula,calculated_reward_inference_slot_nodes,calculated_reward_non_inference_slot_nodes,ml_nodes_weight_inference_slot,ml_nodes_weight_non_inference_slot,historical_ml_nodes_weight_inference_slot,historical_ml_nodes_weight_non_inference_slot,lost_ml_nodes_weight_inference_slot,historical_calculated_reward_inference_slot_nodes,estimated_lost_reward_due_to_lost_inference_slots,calculated_reward_inference_slot_nodes_gnk,estimated_lost_reward_due_to_lost_inference_slots_gnk,participant_index
0,0,0,0,0,0,4663,0,4663,236153328927,236153328927,0,236.153328927,gonka10000627dkz6nvmf09ctqy073v0fls696uznwgg
0,0,0,0,0,0,3589,0,3589,181761590719,181761590719,0,181.761590719,gonka100009u7hegukxy5ne3w6ycfleaj7uuvh2juxqd
0,0,0,0,0,0,0,1912,0,0,0,0,0,gonka10000uv63da0ee5drk26erkwrvcmpmj7kg6kw48
0,0,0,0,0,0,4299,0,4299,217718885065,217718885065,0,217.718885065,gonka10003spukrualhl3h80k9x5m9vrmvlmp8kf4t4w
0,0,0,0,0,0,0,4509,0,0,0,0,0,gonka10006x5p5z8zukfye552fd58qqj2qth69kv5kmn
0,0,0,0,0,0,0,5012,0,0,0,0,0,gonka100070ewvrcraax995yd78cm0nraryzp4hal3hk
0,0,0,0,0,0,4824,0,4824,244307025251,244307025251,0,244.307025251,gonka10008pmwrke48xh42dhe0ul0mm0mhhvz6ta9srs
0,0,0,0,0,0,0,4639,0,0,0,0,0,gonka100092zwvcksslturgx39lzwy6ztjxuttt3spej
0,0,0,0,0,0,4519,0,4519,228860581905,228860581905,0,228.860581905,gonka1000937gjpju4udj2wlj3yld0lcw024tp0ztqew
0,0,0,0,0,0,0,4778,0,0,0,0,0,gonka10009skl232h4c94st5ar3j3c2e34cfk2cpgrj0
0,0,0,0,0,0,5576,0,5576,282391370813,282391370813,0,282.391370813,gonka1000hqfkcp3cs0fq4r78vvpkjlv5n4x4sdgcv7v
0,0,0,0,0,0,2886,0,2886,146158804908,146158804908,0,146.158804908,gonka1000rv0ddp9yk6djr4y29mt0gu3m4p8mg4kmjcv
0,0,0,0,0,0,0,3365,0,0,0,0,0,gonka1000sng4u5jm7jdjnwxvq6uwmw067mvcurd9205
0,0,0,0,0,0,3695,0,3695,187129862832,187129862832,0,187.129862832,gonka1000xjetteyu7gy726vnhdxq69y3meq04gvnk4d
0,0,0,0,0,0,3655,0,3655,185104099770,185104099770,0,185.10409977,gonka1000xmydnfvphwy4n5yww4ex6nwk9mqslf2gnhs
0,0,0,0,0,0,4142,0,4142,209767765048,209767765048,0,209.767765048,gonka1000zfcrzdjwwucvs9k2wuy4j5ecj69q5f4v57h
5470537719936,5470537719936,0,5464850367697,0,107907,4628,107907,4628,234380786248,234380786248,0,234.380786248,gonka100k8hr43z5vp0fnyc94m7lum6mj4st6vksxz8s
98554545372,98554545372,0,98452084803,0,1944,0,1944,0,0,0,0,0,gonka104z9al2taf6gspj2qlsqtjwpxt7ypmpn5z0nxa
11356079302,11356079302,0,11344273146,0,224,0,224,0,0,0,0,0,gonka105ce4495mj0mwkxqeasgdzqfq5jjrfq32eza5l
657689360659,657689360659,0,657005605013,0,12973,0,12973,0,0,0,0,0,gonka109g8dnt43nj45xhg83jyjt5f2ywz336w36qzyl
5089297914790,5089297914790,0,5084006912081,0,100387,61,100387,61,3089288669,3089288669,0,3.089288669,gonka10etnufq85u67k075yuxq6h3rzwlcln5rffhlyx
0,0,0,0,0,0,3518,0,3518,178165861284,178165861284,0,178.165861284,gonka10fvaz7sgva6563fkcp9wxlk5hz7gj8fmu0w699
153661948058,153661948058,0,153502196007,0,3031,2602,3031,2602,131775887169,131775887169,0,131.775887169,gonka10mmdjau4dnj8krs7sh7t7635ttnmq9u3vqgz09
0,0,0,0,0,0,5761,0,5761,291760524973,291760524973,0,291.760524973,gonka10p49jx70haq9uhjy94y80zkfv3xk5pafk5wc5q
25956752690,25956752690,0,25929767191,0,512,0,512,0,0,0,0,0,gonka10r7l6unulyg0wtk8kl980k7fpvjskxuxdtnt7t
668741259266,668741259266,0,668046013700,0,13191,0,13409,0,0,0,0,0,gonka10vh6xfdrksy7npapnhs6pnwmd3ldpxgl8n2gdd
861135549230,861135549230,0,860240284186,0,16986,5900,17161,5900,298800051613,298800051613,0,298.800051613,gonka10vljxvwy6n9hh263chkt0hj0kg7t0qmdwfrurs
0,0,0,0,0,0,3539,0,3539,179229386891,179229386891,0,179.229386891,gonka1270mrwh27pgnrtmmsmyy5rsq2h8ug6l4zvg4cu
336221062198,336221062198,0,335871515644,0,6632,6137,7097,6137,310802697754,310802697754,0,310.802697754,gonka12gwxa8vcvahyd4ygcxp4624ywaw98wp953wuva
0,0,0,0,0,0,5965,0,5965,302091916588,302091916588,0,302.091916588,gonka12hzd9zlz3tgslky477d4wa0jlwacv4nj9vxlmj
854392877145,854392877145,0,853504622006,0,16853,0,17656,0,0,0,0,0,gonka12mqkaycdsc7qr37ey5rqw6vhjvkk7waxdc7rjh
0,0,0,0,0,0,0,8328,0,0,0,0,0,gonka13a4v8gxxjav5t4xq5y9cv9d8rfnvkjfw5adqz3
15563912257,15563912257,0,15547731499,0,307,0,339,0,0,0,0,0,gonka13jw6k5lleqepjyjsm8r4lhrfnn955h8wrexdz2
669957982049,669957982049,0,669261471537,0,13215,0,13215,0,0,0,0,0,gonka13pacjyw9quwfvzllp2h7u27h6f5khqlftw3jmk
0,0,0,0,0,0,0,160,0,0,0,0,0,gonka13xpjvala86d3y6jdjpnfk56ptjawq29t4gprtx
0,0,0,0,0,0,7094,0,7094,359269079007,359269079007,0,359.269079007,gonka1450wvd5uugfj7gru4heut5ulnneunplvxs995e
2084347519785,2084347519785,0,2082180563054,0,41114,3290,42098,3290,166619011832,166619011832,0,166.619011832,gonka14cu38xpsd8pz5zdkkzwf0jwtpc0vv309ake364
0,0,0,0,0,0,658,0,658,33323802366,33323802366,0,33.323802366,gonka14dkhe6rhy2nq6snmkp2ssnaesumsuwctlmrzcn
3274657278432,3274657278432,0,3271252836245,0,64593,0,71744,0,0,0,0,0,gonka14fn68sulr6v6l78kvur9u6yw5lwurtqcrqkh93
0,0,0,0,0,0,3103,0,3103,157148569518,157148569518,0,157.148569518,gonka14jxtac6gra9cc97q7gw6el2l7f2v2d32f8973x
2906243759284,2906243759284,0,2903222331995,0,57326,0,58626,0,0,0,0,0,gonka14law208gj4hgpr04y2udwlkkxh3k9mv07evgh4
600097815627,600097815627,0,599473934058,0,11837,0,11837,0,0,0,0,0,gonka14p0njxtlnx2c8zn570nvvaf730gnnkwvetlwj8
0,0,0,0,0,0,1840,0,1840,93185100842,93185100842,0,93.185100842,gonka14pdvgt025fwkf38cr74hhcj2nfl98c044tswya
1256469059939,1256469059939,0,1255162793081,0,24784,1707,26578,1707,86449438662,86449438662,0,86.449438662,gonka14qwpw2l0qmevxy9snllfaw0r9svnh4vdyl3897
898752561919,898752561919,0,897818188982,0,17728,1698,18192,1698,85993641973,85993641973,0,85.993641973,gonka14s76f83l8m3guvr8vu54dmla798jzy3u09vxzx
3805858166507,3805858166507,0,3801901470279,0,75071,0,75633,0,0,0,0,0,gonka14sk8te3wu4zh9dal9yd9tm3pd2qerdru4aqm05
0,0,0,194422609855,0,3839,12266,17606,12266,621200242896,621200242896,0,621.200242896,gonka14tqh62mangwzrma2lgg2dm375rcjzn2ydy8ttm
480098531214,480098531214,0,479599404877,0,9470,0,9470,0,0,0,0,0,gonka14ued4vcdeluj9v9vmsmteap7vtg7t50640hvmf
175867138836,175867138836,0,175684301533,0,3469,0,3608,0,0,0,0,0,gonka14vyhz7henu2lxssa02lf3qwmufv8kvxzn85frf
1553501509188,1553501509188,0,1551886437556,0,30643,0,31356,0,0,0,0,0,gonka14yprk25twtverkpcsdgnrg5raeuycmkl5dwa34
14549976605,14549976605,0,14534849968,0,287,0,301,0,0,0,0,0,gonka1547gss5hs48tg024zg7cm3f4r747a8ed0mrgru
4646664305916,4646664305916,0,4641833479771,0,91656,4913,92575,4913,248814348064,248814348064,0,248.814348064,gonka155cnj622zfdl64f23ljmk2tzv7tewl6fp4m2hl
25145604169,25145604169,0,25119461966,0,496,0,587,0,0,0,0,0,gonka159kqhlp3psj4r7r9646lhjpfz5apwmyen6y7m2
15259731562,15259731562,0,15243867040,0,301,0,510,0,0,0,0,0,gonka15hc8eqp4axp7lztjuk0y5z0af6drw5k0eltrue
0,0,0,0,0,0,3101,0,3101,157047281365,157047281365,0,157.047281365,gonka15kf06ehfplnqtvgnndyfym9w9f63686cvw3nqj
0,0,0,0,0,0,3545,0,3545,179533251351,179533251351,0,179.533251351,gonka15mh2v944wxk3phxfkegglpgfpq9mjcm6vmpyng
0,0,0,0,0,0,0,610,0,0,0,0,0,gonka15natyl5kwtzta9lr0xeqmew3j5thza2lslvw4x
158985110231,158985110231,0,158819824044,0,3136,0,3242,0,0,0,0,0,gonka15vunu0new53m83ccvfcmkf84v7q4s8ldsjfu4y
205981027700,205981027700,0,205766883001,0,4063,0,4128,0,0,0,0,0,gonka15x0egllrr3wlucagztrpf7u8365zdjjy3qh8aa
0,0,0,0,0,0,0,66976,0,0,0,0,0,gonka15ye48c3rp57hwt9t6tzc6h0t5sh88zvj0yznwn
0,0,0,0,0,0,3357,0,3357,170012164960,170012164960,0,170.01216496,gonka16324l7r5jllqjm7e5wlf2h44cr3dsmjj8a6py7
2954811277014,2954811277014,0,2951739357325,0,58284,0,58284,0,0,0,0,0,gonka1662dun8ufuvjfa652th9farq6devh57p0v4r3y
0,0,0,0,0,0,2049,0,2049,103769712840,103769712840,0,103.76971284,gonka168yvlgt9jg86frg2z90cc8w4pz9hnd7f8lshux
0,0,0,0,0,0,85,0,85,4304746506,4304746506,0,4.304746506,gonka16lksjaqq2gqpeexvqg4xgux6hdtms3wnk4jjle
3580663058201,3580663058201,0,3576940482268,0,70629,0,75647,0,0,0,0,0,gonka16msrxqwfedlll09hdwv0zmma6wttxx0wqqlt0y
519439234511,519439234511,0,518899208276,0,10246,0,10246,0,0,0,0,0,gonka16p9vx68hfr5vpy6s59rvrz85le5dq22uymukgv
0,0,0,0,0,0,2909,0,2909,147323618668,147323618668,0,147.323618668,gonka16sfwtnse80aleg7sgmumnu3qxhtf93mf86479a
601517325540,601517325540,0,600891968202,0,11865,0,12043,0,0,0,0,0,gonka16sthutkxgr88vlkgvqak2h7pdt76fcznfz6w43
146006733885,146006733885,0,145854940448,0,2880,0,3014,0,0,0,0,0,gonka17339jstnve8h7mzms493x9twwznadymtvj7vjt
0,0,0,0,0,0,3271,0,3271,165656774377,165656774377,0,165.656774377,gonka174srhxhfktxx4hv94zcdz4jqfw9kvc4ge2p0pu
0,0,0,0,0,0,15623,0,15623,791212407856,791212407856,0,791.212407856,gonka178p3vw9zxs885l4a29g3sep0v9uplfq4pzvmrq
47249401382,47249401382,0,47200279340,0,932,2086,1083,2086,105643543672,105643543672,0,105.643543672,gonka17amsnz2csvjwt3rdezys6gj7wggexxwtwt03a9
186716250313,186716250313,0,186522133914,0,3683,0,3683,0,0,0,0,0,gonka17cnuuvplky4ck8hwj8smh6he6tgq6su45r5v5y
0,0,0,0,0,0,452,0,452,22891122598,22891122598,0,22.891122598,gonka17nhy0gakmp3yhlrm5h9xghj5mgwgyxagr8zmm0
1476188915724,1476188915724,0,1474654220825,0,29118,0,29573,0,0,0,0,0,gonka17rfqamx8vr4zpd6z0jnulre4acht2lj7tq205e
678272254395,678272254395,0,677567100090,0,13379,0,13637,0,0,0,0,0,gonka17t9elrdnnzqd5q2w240ue47tn253gjuhpkflwx
0,0,0,0,0,0,3390,0,3390,171683419486,171683419486,0,171.683419486,gonka17w5kpa57jtqnqy7wdp5d03jkjmk0vjwdpp5xmg
155892606492,155892606492,0,155730535375,0,3075,0,3244,0,0,0,0,0,gonka17wmjdfda8tfkfujp24usqzsxv32vrycnhvj3cl
0,0,0,0,0,0,583,0,583,29525496625,29525496625,0,29.525496625,gonka184jz8ja5gqkr3kt98a3a4syyypwj07j0qngukg
0,0,0,0,0,0,5730,0,5730,290190558600,290190558600,0,290.1905586,gonka185kgdje9wjucxtkdu0nqhpqlwxutc5kc7nss8u
155943303275,155943303275,0,155781179451,0,3076,0,3435,0,0,0,0,0,gonka18fgyw8c7deqkk4zq8n9efgrwjjypdrd7cskv48
4389580921355,4389580921355,0,4385017367613,0,86585,0,94683,0,0,0,0,0,gonka18py93vhrf7mn3yjkqjdpkwlqfpavu3f06ssllv
3903195989098,3903195989098,0,3899138097244,0,76991,0,77663,0,0,0,0,0,gonka18v2az8fn2z28ykxu7zyc09crqdmjuldmnag0g2
0,0,0,0,0,0,7638,0,7638,386819456648,386819456648,0,386.819456648,gonka18xpmr5v362gwvxlq78twhg7ht07wu4kzdqu4y2
0,0,0,0,0,0,3307,0,3307,167479961133,167479961133,0,167.479961133,gonka192gv4k5kh88g5s9xll8k7w065lz0rjwh7zj55v
0,0,0,0,0,0,68,0,68,3443797205,3443797205,0,3.443797205,gonka1948n747ayualpznexxchnx95pdnpu25mph804e
0,0,0,0,0,0,6463,0,6463,327312666708,327312666708,0,327.312666708,gonka199lgrq8l9xcqqnr0agajzl78c4dpfvwnsc4elm
120506252238,120506252238,0,120380969946,0,2377,0,2418,0,0,0,0,0,gonka19f8zl7a979j0z90r5k0pajhua2y6ajtykxe8dk
0,0,0,0,0,0,29,0,29,1468678220,1468678220,0,1.46867822,gonka19g7jp7tcpnh9ul6gkr3kdc3lmcy55w6swvql0f
160607407274,160607407274,0,160440434493,0,3168,0,3566,0,0,0,0,0,gonka19kd8xatmw86wyz6v5qmc9kqwfnk62cydql7da5
0,0,0,0,0,0,3524,0,3524,178469725743,178469725743,0,178.469725743,gonka19mh7jn9xmzz9m0nrczgd32usqrcqm7mpsrh77j
0,0,0,0,0,0,3085,0,3085,156236976140,156236976140,0,156.23697614,gonka19nsaq8gdavl04mx0v6lhvzzdkqhu6uf56l38w0
671022614483,671022614483,0,670324997144,0,13236,0,13236,0,0,0,0,0,gonka19pve9p3eth8j7ssv7k4f57lljrtjtl6mjgnuxq
2295651709658,2295651709658,0,2293265074092,0,45282,0,45819,0,0,0,0,0,gonka19sf4axsacdphm598alpxt7t2qpacxttdmj5e06
3500511444912,3500511444912,0,3496872197251,0,69048,0,74521,0,0,0,0,0,gonka19yqs6l5s2wl908fswm58zptxvkvg82dtynwuku
0,0,0,0,0,0,321,0,321,16256748571,16256748571,0,16.256748571,gonka1a32tfg0a3xe7zer9m3ttuxr57wdffpc82qnacq
0,0,0,0,0,0,7570,0,7570,383375659443,383375659443,0,383.375659443,gonka1a3f2cpds29pq0x7yvuh5we233l6aytcgl8gtlx
105246520676,105246520676,0,105137102907,0,2076,0,2142,0,0,0,0,0,gonka1a3qq9jmmhr9xyn8p56v5hzfeuxp9r68suv6uhy
4740656140855,4740656140855,0,4735727597684,0,93510,0,96607,0,0,0,0,0,gonka1a46zzvkdg5kf7raesh7rp2e3alx7gzgq3ww4ac
0,0,0,0,0,0,6057,0,6057,306751171631,306751171631,0,306.751171631,gonka1a9yz979xxryjh9hdzuyxddscwtg9g92079hjra
0,0,0,0,0,0,968,0,968,49023466095,49023466095,0,49.023466095,gonka1aev99sylsnfzyu2dwlnw6f9lugjkvav7kxqp0k
279643452817,279643452817,0,279352726220,0,5516,0,5516,0,0,0,0,0,gonka1afe8squhg6aqwuts34wsyuu3rmn349hqqp6tqf
1049524793369,1049524793369,0,1048433672626,0,20702,0,22254,0,0,0,0,0,gonka1ag5r7em9qp7dn8nf6jecudhu38amu3nwtqv3cg
0,0,0,0,0,0,3310,0,3310,167631893363,167631893363,0,167.631893363,gonka1ajvs7j8wlgjy8d3kjad520am6jm3a4alj7k4jq
77616774159,77616774159,0,77536081190,0,1531,0,1531,0,0,0,0,0,gonka1amlmhjym02shahjv8ldmupg4cx0qc66q6f85rj
521923376859,521923376859,0,521380768027,0,10295,0,14061,0,0,0,0,0,gonka1apnzzz6wlpevze3vzsmk7n0vp6az5609magdf6
532975275465,532975275465,0,532421176713,0,10513,0,10513,0,0,0,0,0,gonka1apw5tzk6a3l9hdpdx5q9v2leehvz5rvvw44x8s
0,0,0,0,0,0,341,0,341,17269630102,17269630102,0,17.269630102,gonka1au034ld8fsrvtyxpzxx8nnnqe5kmhe20lmhuwm
3310145026252,3310145026252,0,3306703689826,0,65293,7620,67530,7620,385907863270,385907863270,0,385.90786327,gonka1c8pemd8czpgeg69cu95y58fstuquw93uwqml7f
675179750656,675179750656,0,674477811421,0,13318,0,13862,0,0,0,0,0,gonka1caju8tg6yg3wkvryhks57jwd8des6ssypfrhhj
961160301299,961160301299,0,960161047209,0,18959,0,19021,0,0,0,0,0,gonka1ceuk4gvskjw9deuvequ0hd6ty2u7h4jsg5a8uj
0,0,0,0,0,0,3457,0,3457,175076572615,175076572615,0,175.076572615,gonka1cjvdez8e6mwjxg0e3g7rrds9ezm9c7kemlu3g7
472392620259,472392620259,0,471901505242,0,9318,0,16958,0,0,0,0,0,gonka1cw859nqcd9mg3y3alraluswu55xz9j36evsxd3
172470454402,172470454402,0,172291148405,0,3402,0,3402,0,0,0,0,0,gonka1czjrfgs9xfuax25j8nsjrdklzn6repcn25zjxd
25601875212,25601875212,0,25575258655,0,505,0,505,0,0,0,0,0,gonka1d7p03cu2y2yt3vytq9wlfm6tlz0lfhlgv9h82p
1043643966588,1043643966588,0,1042558959747,0,20586,0,21113,0,0,0,0,0,gonka1desd6924c4aturcdmwk59jpye5em3q2ze8gvjn
0,0,0,0,0,0,422,0,422,21371800302,21371800302,0,21.371800302,gonka1dkl4mah5erqggvhqkpc8j3qs5tyuetgdy552cp
666358510484,666358510484,0,665665742102,0,13144,0,13302,0,0,0,0,0,gonka1dms4wtzer5zjx32c3grc5twksd8kdp0ut952g7
187020431008,187020431008,0,186825998373,0,3689,0,3749,0,0,0,0,0,gonka1e4elawx3wgp407u3vqr8kj7ctef0qzme6wvntr
689831120827,689831120827,0,689113949542,0,13607,0,13607,0,0,0,0,0,gonka1ea4hhgnahtu4g0zzpmz2p8elcyx7x99hamk0x4
4279061935289,4279061935289,0,4274613280746,0,84405,0,84917,0,0,0,0,0,gonka1ehqrd2828q8zrkn4qafym30eky56krezucxxhz
0,0,0,0,0,0,3112,0,3112,157604366207,157604366207,0,157.604366207,gonka1erjgpt52lp7atyq5c5u5tpprtqjr4pt6zd2pny
0,0,0,0,0,0,3557,0,3557,180140980269,180140980269,0,180.140980269,gonka1ewlwawmd4z42daay08hspv45nmzlvffw0ums94
3997694791863,3997694791863,0,3993538655923,0,78855,0,79731,0,0,0,0,0,gonka1ex0ck58q3elelsysl3r9qwjljs7yn2yd65kr6h
269098522036,269098522036,0,268818758299,0,5308,974,5965,974,49327330554,49327330554,0,49.327330554,gonka1f0u3y2wneer8zhz3ypw4x54h38cpa0qsy8ts3e
172216970489,172216970489,0,172037928022,0,3397,0,3397,0,0,0,0,0,gonka1f4mcr5pzn9rtdyzdv9dfg4x47vrqxk0f2ujqs7
899107439397,899107439397,0,898172697518,0,17735,5476,18160,5476,277326963158,277326963158,0,277.326963158,gonka1f5fhrywmd5p0jcd5atk4rm2tjxpdn772lw833k
3465125090658,3465125090658,0,3461522631823,0,68350,5870,68350,5870,297280729317,297280729317,0,297.280729317,gonka1f7d43z2qpcv07huwf3qjj4zpssvx6080a357wh
250188622127,250188622127,0,249928517748,0,4935,0,4941,0,0,0,0,0,gonka1fc9tzt83dgrqswlgay4668cuqjrk7zsqks2vm2
15969486518,15969486518,0,15952884112,0,315,0,315,0,0,0,0,0,gonka1fezpsxrwms4njwkskesu0s5t8wl46ueegk5s3p
848765534276,848765534276,0,847883129509,0,16742,0,17326,0,0,0,0,0,gonka1ffjt0acf87chys5w93wsrdj2s94rrmcq8mt48l
26919991560,26919991560,0,26892004645,0,531,0,620,0,0,0,0,0,gonka1fnmyrkw6qta9uqn4q666c4d8k2vj3ves68rt38
0,0,0,0,0,0,3525,0,3525,178520369820,178520369820,0,178.52036982,gonka1frfr2z4lclq0wjqsrstnhm48rmvkmd0tfsssvk
0,0,0,0,0,0,3687,0,3687,186724710220,186724710220,0,186.72471022,gonka1fryp5vn5xppkwykzjul6e2crkgxgwhl2cunrmx
0,0,0,0,0,0,582,0,582,29474852549,29474852549,0,29.474852549,gonka1fs4fapsf05qf3992m92ac3cl38uzh56vev4806
0,0,0,0,0,0,545,0,545,27601021717,27601021717,0,27.601021717,gonka1fvyenm5ms57hmyze8yl659c8ljg4r89nlwap9u
1186000532126,1186000532126,0,1184767526684,0,23394,0,25150,0,0,0,0,0,gonka1fxdt48vp78uxa7apuuamv4clwafxagnjg9eulc
24080971734,24080971734,0,24055936359,0,475,0,482,0,0,0,0,0,gonka1g47tma3ruze3dtk36ru97pcn6yp0ffcyws5dr6
466815974173,466815974173,0,466330656823,0,9208,5315,9606,5315,269173266834,269173266834,0,269.173266834,gonka1g884r7q58wptvlcpuk09gvw9j5uhwadr4qjexs
558222273200,558222273200,0,557641926832,0,11011,0,11011,0,0,0,0,0,gonka1gd79gdm2s35rc4mhssgwrqh2lnmaff0wq4mwq6
161367859013,161367859013,0,161200095641,0,3183,0,3183,0,0,0,0,0,gonka1gdrrsudtxaldp2jrtn2v6qzpd8zr2u544pz3u5
0,0,0,0,0,0,6187,0,6187,313334901581,313334901581,0,313.334901581,gonka1gsarmv9gsc7g9fv9nsqtk6t0d7erxpurf5mvvl
164764543447,164764543447,0,164593248770,0,3250,0,3250,0,0,0,0,0,gonka1gstreuc0fz4gksar9sx2uzg4au2k7k83cremld
0,0,0,0,0,0,0,2079,0,0,0,0,0,gonka1gvrssnvlsj6he2lyv40y5fpdawn2xuvtldqv99
0,0,0,0,0,0,6234,0,6234,315715173179,315715173179,0,315.715173179,gonka1gz6d9j834xvhvyt7c67ux6egugns7dlc5dzqds
813581967152,813581967152,0,812736140388,0,16048,6205,16493,6205,314246494959,314246494959,0,314.246494959,gonka1h3s37p0l23mg6ak9h9nmayh6r9f2vm6umj3qet
23726094256,23726094256,0,23701427823,0,468,0,470,0,0,0,0,0,gonka1h583klq89w5m39tt832clppkfx807av7m07656
171304428402,171304428402,0,171126334644,0,3379,0,3544,0,0,0,0,0,gonka1h60zhqxm8c40aupf2fwjd8uxlzsle9n55jmzn2
323851047243,323851047243,0,323514360967,0,6388,0,6532,0,0,0,0,0,gonka1hhx6pvs6n4ehgv4wzz7h9f68t8hm96t9fq0ydd
166133356577,166133356577,0,165960638837,0,3277,0,3277,0,0,0,0,0,gonka1hr7tssnwuw7jk8s4gjf8uq6k9aw2evnygsfd5y
184739075791,184739075791,0,184547014928,0,3644,0,3644,0,0,0,0,0,gonka1hx9a6297776yndfgajr7tc3e9kj96t77m4xxf7
420022843834,420022843834,0,419586174172,0,8285,1941,8471,1941,98300152573,98300152573,0,98.300152573,gonka1j3m7rwdjrf44xy8p7ff4w3srqxaml0f73x09ud
1914513298077,1914513298077,0,1912522906630,0,37764,0,37764,0,0,0,0,0,gonka1jltjehxsnum94nt8c00ts7khmpy4lafv6gryzk
0,0,0,0,0,0,1113,0,1113,56366857194,56366857194,0,56.366857194,gonka1jrkf560tvgqw3f9z4axs9da34lgnrd396e3rs0
0,0,0,0,0,0,3721,0,3721,188446608822,188446608822,0,188.446608822,gonka1ju7jfznld7vg0f35wgz507m6c0lzgugpmajnvn
0,0,0,0,0,0,3868,0,3868,195891288074,195891288074,0,195.891288074,gonka1juwk05glldgn7850a3547jsl7l4vrhx9k5g3cr
0,0,0,0,0,0,2005,0,2005,101541373472,101541373472,0,101.541373472,gonka1k3lva2jsxu5qx30f65yxdlcey8d6f3unmy2gks
2198415280633,2198415280633,0,2196129735279,0,43364,2554,44065,2554,129344971495,129344971495,0,129.344971495,gonka1k3xh9h66ye5pdgv2v94xhf7paz445e7qwraz7h
0,0,0,0,0,0,131,0,131,6634374027,6634374027,0,6.634374027,gonka1kjrvy4xme4ctepdjspjdw677nmvdwlps4hl5h8
0,0,0,0,0,0,1860,0,1860,94197982373,94197982373,0,94.197982373,gonka1ks3t0r8g5glvv4um6ml2gy5dzg7l3t2xmp3fg2
0,0,0,0,0,0,3347,0,3347,169505724195,169505724195,0,169.505724195,gonka1ktl3kkn9l68c9amanu8u4868mcjmtsr5tgzmjk
93282079982,93282079982,0,93185100842,0,1840,465,2075,465,23549495593,23549495593,0,23.549495593,gonka1kx9mca3xm8u8ypzfuhmxey66u0ufxhs7nm6wc5
0,0,0,0,0,0,3478,0,3478,176140098222,176140098222,0,176.140098222,gonka1ky9mpdps70l9fe59dg7a7ctnaunkuuc8uet8q2
0,0,0,0,0,0,13179,0,13179,667438284781,667438284781,0,667.438284781,gonka1l44nacmpmt83kavvevmhlh8elspjtjn6wvwzm0
945089421215,945089421215,0,944106874944,0,18642,0,18642,0,0,0,0,0,gonka1l45efpupwqw9uky3gjwy35mwae9jwgffuqpm7s
2721859560970,2721859560970,0,2719029825602,0,53689,24727,54809,24727,1252276080718,1252276080718,0,1252.276080718,gonka1l4vfzkwd555pvxqzr3ksphgwgv8xsh89ytmjp0
2323180062610,2323180062610,0,2320764807656,0,45825,0,56414,0,0,0,0,0,gonka1lacrx7sdpwvy2fjxsldmz0w8ptk5qlegrh0qyc
150822928232,150822928232,0,150666127720,0,2975,0,2975,0,0,0,0,0,gonka1lajfpxh74xse4xxease0trz5gwecze99875tjf
0,0,0,0,0,0,2303,0,2303,116633308282,116633308282,0,116.633308282,gonka1lh0danzlvxm5qtaly7myqd3n5sus0fq92n8shx
3804489353377,3804489353377,0,3800534080212,0,75044,0,76865,0,0,0,0,0,gonka1lhycnwdtc6txcpvdvz2wym3zpdhlrj6w2z4evj
819412097151,819412097151,0,818560209190,0,16163,5678,16163,5678,287557066620,287557066620,0,287.55706662,gonka1llxvtg0657ldmqn4l3t0ag496ff355j5kawagy
896927477745,896927477745,0,895995002227,0,17692,0,17954,0,0,0,0,0,gonka1lmgutdlel0fny79zvlsh9aw3c0dw75gtscka3g
1243034412550,1243034412550,0,1241742112797,0,24519,0,24519,0,0,0,0,0,gonka1ln28jur0gvuwf8frx63lwwagysdf03e8ldayf3
65196062422,65196062422,0,65128282436,0,1286,0,1286,0,0,0,0,0,gonka1lnynt0wfxhn049m7mjg7kpxcklspwz6ngw0rsv
492316455821,492316455821,0,491804627324,0,9711,6516,10282,6516,329996802765,329996802765,0,329.996802765,gonka1lqv96tny8a0344e6jfgxk500q5ct7zy9ekz49m
5112719828351,5112719828351,0,5107404475445,0,100849,6282,102476,6282,318146088853,318146088853,0,318.146088853,gonka1lrls7q8nu8rhjgchctswfsjlnjh84vwycw3jgt
0,0,0,0,0,0,3615,0,3615,183078336709,183078336709,0,183.078336709,gonka1lzxwqhc5fqwltg57emk2lprd7qzmapp22mv0h7
663418097093,663418097093,0,662728385662,0,13086,0,13086,0,0,0,0,0,gonka1m08n5646hjpavvmjfarad9kr9pxufe7sfy3v7e
161672039708,161672039708,0,161503960101,0,3189,0,3189,0,0,0,0,0,gonka1m2s8r88lj40thm3zkd0fc92sqk6wswhx8a2xyh
1082477702059,1082477702059,0,1081352322380,0,21352,6256,22907,6256,316829342863,316829342863,0,316.829342863,gonka1mecj5za64q5cnuu3vaey88g7kn996h2lv8aylu
1769368409496,1769368409496,0,1767528915483,0,34901,3174,35367,3174,160744298953,160744298953,0,160.744298953,gonka1myu058axjs62mc3e7na9krwvqpfl9z3gtcw9es
0,0,0,0,0,0,207,0,207,10483323845,10483323845,0,10.483323845,gonka1n5r055hu5tr63rgqs7xg4d45ar8q6yy3qdhn04
0,0,0,66242452120,0,1308,0,3253,0,0,0,0,0,gonka1n6uaty84yezgfcymndq75nmza8y8krt9j0czjm
0,0,0,0,0,0,716,0,716,36261158806,36261158806,0,36.261158806,gonka1nccp3l8d8n36akvaper2ngzpe8a843key0n985
1218750653685,1218750653685,0,1217483600132,0,24040,0,24040,0,0,0,0,0,gonka1ndlfjnp5d7eruyrhjvn6uape3jp630qld7l9yl
50798176164,50798176164,0,50745364698,0,1002,0,1002,0,0,0,0,0,gonka1nge0x24twxwvran6rh4qe56ckxk3ecmkrjhjf2
894646122528,894646122528,0,893716018782,0,17647,0,18313,0,0,0,0,0,gonka1nkedq5vefl0xlxf66cgpx5l6eldtjtr3e2q5sp
4603369253576,4603369253576,0,4598583438402,0,90802,0,94708,0,0,0,0,0,gonka1nq396dmfz2rntud8urt7ddyc7ysyg6rlax5vyc
0,0,0,1620610449,0,32,0,1847,0,0,0,0,0,gonka1ntsw9ufhpvzan82lhe496zhdqvfy9rptm6rr5s
4018936743772,4018936743772,0,4014758523996,0,79274,0,79274,0,0,0,0,0,gonka1p209mlvngz8hu0p5ff7dsjzqhjpx4jzn6k652r
0,0,0,0,0,0,0,0,0,0,0,0,0,gonka1p22v6ncqsys9fh85gdmkakpe24x2zqfyp60z5q
4039773121420,4039773121420,0,4035573239455,0,79685,8265,82471,8265,418573292641,418573292641,0,418.573292641,gonka1p2959dx973hd57qsalxvesrcv649296x90ry76
0,0,0,0,0,0,621,0,621,31449971534,31449971534,0,31.449971534,gonka1p2lhgng7tcqju7emk989s5fpdr7k2c3ek6h26m
0,0,0,0,0,0,2920,0,2920,147880703510,147880703510,0,147.88070351,gonka1p57jas3hm3gmdvh64z92ycr28z968j0fn6n6jd
0,0,0,0,0,0,2488,0,2488,126002462443,126002462443,0,126.002462443,gonka1pf4z32nqz5ax7zsxsmf4tan8wsnp957y9t4qtt
0,0,0,0,0,0,17120,0,17120,867026590443,867026590443,0,867.026590443,gonka1pnfyj6kw3h3v2qu60j42j8h3cuf3jpqqgnaet7
1682676911251,1682676911251,0,1680927544591,0,33191,2720,33928,2720,137751888201,137751888201,0,137.751888201,gonka1pvkv59e72vju2h7s9j3ex62c5xneqey350vpwn
186919037443,186919037443,0,186724710220,0,3687,0,3841,0,0,0,0,0,gonka1py4j23jhz2nah9d8lqpxn2lq6e07lx6e6jmaym
0,0,0,0,0,0,17029,0,17029,862417979478,862417979478,0,862.417979478,gonka1pzdzdgd3auppy7x8a73suxaucgjcutfevrwzjp
0,0,0,0,0,0,3186,0,3186,161352027871,161352027871,0,161.352027871,gonka1q6v5taltnxxzjrgpheu5t7pfjwmsu6x8gs24sw
0,0,0,0,0,0,25165,0,25165,1274458186245,1274458186245,0,1274.458186245,gonka1q96dv6st48490vtzx2pwuwkjg439dr4hg6dzjn
0,0,0,0,0,0,3128,0,3128,158414671431,158414671431,0,158.414671431,gonka1qjdt3qykdrka2am7s5rtrze44f7y8vccegjc70
741795322992,741795322992,0,741024128000,0,14632,0,14632,0,0,0,0,0,gonka1qlt90c4hxccgnuc478jaa3xl5klga84xzrvpda
0,0,0,0,0,0,3545,0,3545,179533251351,179533251351,0,179.533251351,gonka1qmlkwzrpv5zkzzpgkthftd29uqg0ka8dddc290
0,0,0,0,0,0,94,0,94,4760543195,4760543195,0,4.760543195,gonka1qre9aepalndahwj37xrcepndmut2vu9dr3kh4t
0,0,0,0,0,0,3479,0,3479,176190742299,176190742299,0,176.190742299,gonka1qvpct2fqwpfqhznwjqs498ggp7wyxjkd4mvxhz
2780921312698,2780921312698,0,2778030174777,0,54854,0,56593,0,0,0,0,0,gonka1qx3znmtpxqgmz3t4tgpdk68dsfxuccn6cxnp8s
664279942397,664279942397,0,663589334964,0,13103,0,13103,0,0,0,0,0,gonka1r288zwzcvw87qeyk7tdwe29nux2s4wxzustuk8
21802556931065,21802556931065,0,21779890270612,0,430058,6005,433842,6005,304117679650,304117679650,0,304.11767965,gonka1r34p353cxrvxf3x29raz0x8axflen82a04env4
0,0,0,0,0,0,1959,0,1959,99211745951,99211745951,0,99.211745951,gonka1r4qetzmw4g3aenwtcxpdm6l42aeq5gzwqltn39
3300563334341,3300563334341,0,3297131959359,0,65104,4998,66346,4998,253119094570,253119094570,0,253.11909457,gonka1rcpc45n6zch9qlkn4m3cwngekad89xu8mcr09v
875533435488,875533435488,0,874623201925,0,17270,0,17564,0,0,0,0,0,gonka1rdarkrtrfnfcvrnf58jyndccqj0r4k630n38rh
0,0,0,0,0,0,3494,0,3494,176950403447,176950403447,0,176.950403447,gonka1rk43zfsxe7tefa88qh3t7wl3dvjwn3hq22njc4
302000733943,302000733943,0,301686763976,0,5957,0,5957,0,0,0,0,0,gonka1rn5nud8367cnspgas0dmtq2plxkacjsttqtdy8
0,0,0,0,0,0,3707,0,3707,187737591751,187737591751,0,187.737591751,gonka1rpedugp4rhy989wfg8tr5ux7k6d4fhkjlqk234
0,0,0,0,0,0,3408,0,3408,172595012864,172595012864,0,172.595012864,gonka1rt963v04mgt43ju2smuakde99pv7wscy5yxnte
79796735811,79796735811,0,79713776481,0,1574,0,1574,0,0,0,0,0,gonka1rvjfqzm8spt5nfq84jvfdr8we8pgkv8ent08s5
0,0,0,0,0,0,0,11715,0,0,0,0,0,gonka1s5vtmnn8tqvqfh7gd9hv48kkt2t4mkh7s85zh6
0,0,0,0,0,0,4957,0,4957,251042687432,251042687432,0,251.042687432,gonka1shc0ywxd993zz3w3h5xdp5uhgu9rv27ws7mmqx
0,0,0,0,0,0,338,0,338,17117697872,17117697872,0,17.117697872,gonka1slnscxc26qm7vvpn5qs9yzq9n0l82r4ywkl054
1922067118685,1922067118685,0,1920068874035,0,37913,0,45291,0,0,0,0,0,gonka1sskwvat6wk6sdjjg87ne2nhexdyznxntu07vzh
361822937410,361822937410,0,361446774299,0,7137,0,7404,0,0,0,0,0,gonka1svynlfqqsxzuxfm67lgy986438h6l2u8tz4clj
163547820665,163547820665,0,163377790933,0,3226,0,3455,0,0,0,0,0,gonka1t8x0m85qvyfzvyevwrj2m28ytf6w3kmlf5r7ez
3579902606462,3579902606462,0,3576180821119,0,70614,0,74980,0,0,0,0,0,gonka1trz6e3rczlp4ma749v8zk6xng9jmcnrvnwv4rh
0,0,0,0,0,0,1715,0,1715,86854591274,86854591274,0,86.854591274,gonka1tvjdvlf3jmc48ckycguvdvlepgj7jgx9q5m2aw
655914973269,655914973269,0,655233062334,0,12938,0,13493,0,0,0,0,0,gonka1tx980hp394dfn80rut6gr3j5yujz7wdl08dups
682277300220,682277300220,0,681567982137,0,13458,0,13458,0,0,0,0,0,gonka1u4gtnwh0hvzlyvran3l7my7hr883ej367ed80r
164308272404,164308272404,0,164137452081,0,3241,0,3403,0,0,0,0,0,gonka1u4zxypjgcr8khlzefwjr0vwdaj2uzruw2cehj3
0,0,0,0,0,0,330,0,330,16712545260,16712545260,0,16.71254526,gonka1u60q4n3ymcglvhglylchpyvc04kvvurl967mgk
324560802200,324560802200,0,324223378038,0,6402,0,6402,0,0,0,0,0,gonka1ujfwdfe0tq667vt5sz2pus524zpjveedp4tkj2
0,0,0,0,0,0,3035,0,3035,153704772313,153704772313,0,153.704772313,gonka1uk73fw4tnfv9rfdeekxycvt0v8cncr64syejra
0,0,0,0,0,0,113,0,113,5722780650,5722780650,0,5.72278065,gonka1un2c9f66mg2g6xcpmulq9tqfs3vjd7nn0ftjs5
0,0,0,0,0,0,3418,0,3418,173101453629,173101453629,0,173.101453629,gonka1uv8lw89ththtj05c54wehfnqls9u2pza53q33z
32141760167,32141760167,0,32108344529,0,634,0,634,0,0,0,0,0,gonka1uwknfekug2ykhygjpfy5n7uc8l6naxz267dgsw
2378439555643,2378439555643,0,2375966851089,0,46915,0,47319,0,0,0,0,0,gonka1ux86q8cgnpvkal497xag8p04ds2u2v23qxawv6
1212413555860,1212413555860,0,1211153090564,0,23915,6817,24491,6817,345240669804,345240669804,0,345.240669804,gonka1v425qs8gxupjcw3lqx5fsldtve88vd9gaa7r60
2155272318641,2155272318641,0,2153031626140,0,42513,18032,42513,18032,913213988252,913213988252,0,913.213988252,gonka1v5ggga7lslfg2e57m9anxud40v2s4t9dw8yj68
835482977235,835482977235,0,834614381455,0,16480,0,16802,0,0,0,0,0,gonka1vdw6tst3lelc84garssnnjzx7fjpkja2wzpxe8
4474751516122,4474751516122,0,4470099416208,0,88265,0,88265,0,0,0,0,0,gonka1vjshzxh3sfam2xh0f7vzz4klrv5pkq4zutk8qt
334750855502,334750855502,0,334402837424,0,6603,6825,7205,6825,345645822417,345645822417,0,345.645822417,gonka1vkafyzr5yz5aht6gzapw6lc52h5wwmnrjwvqlz
0,0,0,0,0,0,176,0,176,8913357472,8913357472,0,8.913357472,gonka1vkh8e2uqk9mdw0ql83g0p4ge0wmqstcasulngn
0,0,0,0,0,0,0,583,0,0,0,0,0,gonka1vmwqf4mkl4ucqnrgjmnsl694hktepaecuvvyz0
0,0,0,0,0,0,6852,0,6852,347013212484,347013212484,0,347.013212484,gonka1vn6hk34wme5xvqzjmm26u9snkxg7nqd490gmwq
0,0,0,0,0,0,7574,0,7574,383578235749,383578235749,0,383.578235749,gonka1vwsp87trl60t4g67fa677k7d7jztuc3g4qjc3w
0,0,0,0,0,0,1633,0,1633,82701776997,82701776997,0,82.701776997,gonka1vxs4azxcym36wts0t7z5nj65ma8pnkvpmywxa0
415612223748,415612223748,0,415180139513,0,8198,0,8198,0,0,0,0,0,gonka1vy396smh98ak3ts4zlthjnsv2ypr845mrfz7x5
2192078182808,2192078182808,0,2189799225711,0,43239,0,46659,0,0,0,0,0,gonka1w2dtrs7thx2jfeu389ztwc38h0nd4pv2hl7xtp
0,0,0,0,0,0,342,0,342,17320274178,17320274178,0,17.320274178,gonka1w2pxkv4v6r5h6sdvges287l2g5rsd3r4x77080
0,0,0,0,0,0,4147,0,4147,210020985430,210020985430,0,210.02098543,gonka1w3ewq7swwdxx8fsht8tl250f7qv44edhlltrh8
0,0,0,0,0,0,204,0,204,10331391615,10331391615,0,10.331391615,gonka1w6cjf08fgm3yalqf7ytt0hz6thlhs53d2fn7j2
24680004917833,24680004917833,0,24654346767130,0,486816,0,490576,0,0,0,0,0,gonka1w6kt2aj02du25kuc9wsza94h9l7exa0uf64fjq
8550265869275,8550265869275,0,8541376729627,0,168655,0,172557,0,0,0,0,0,gonka1w6wwv3wq25p8qge4lqsnfzs8lsd3s8ty6au65p
758677351597,758677351597,0,757888605490,0,14965,0,23058,0,0,0,0,0,gonka1wnhd4uqvf3k38av7m9s3ssdzu0kvqskmes69gu
187578095617,187578095617,0,187383083215,0,3700,0,3758,0,0,0,0,0,gonka1x3wd5ypslj50nk9cvs72e3re9mfcdpcqwhnulj
637005073359,637005073359,0,636342821783,0,12565,0,12565,0,0,0,0,0,gonka1xg25gmn8uzeyzqqrchx6mfz379mvg43zsvj0y3
106767424154,106767424154,0,106656425203,0,2106,0,3522,0,0,0,0,0,gonka1xkk2g9t0t7euahr5wtjerv7tng3pnrcl0h3gcz
0,0,0,0,0,0,1495,0,1495,75712894434,75712894434,0,75.712894434,gonka1xteg3zgysvkvfl4lzs5gwxpkgtx0qra6m90jv3
3676885551575,3676885551575,0,3673062939549,0,72527,0,75846,0,0,0,0,0,gonka1y07fqanen3dwgr5dku36gy8lfk3uxtj000t38p
303065366378,303065366378,0,302750289584,0,5978,0,5978,0,0,0,0,0,gonka1y0y9fcfhlhuz76falhdekx8w56pk88jaxssydu
0,0,0,0,0,0,3623,0,3623,183483489321,183483489321,0,183.483489321,gonka1y29s2ckdl0csktxhpx77a7dvwyhj9u4xyrcynm
108643205110,108643205110,0,108530256035,0,2143,0,2200,0,0,0,0,0,gonka1y2a9p56kv044327uycmqdexl7zs82fs5ryv5le
2665687525850,2665687525850,0,2662916188791,0,52581,0,52581,0,0,0,0,0,gonka1y3r32jhy6s4ge2sl5ly5s90gc0r9d2n4wmzvu9
4223650351908,4223650351908,0,4219259305083,0,83312,3683,83940,3683,186522133914,186522133914,0,186.522133914,gonka1y95qr73kms3zv5ju0kxtu58ksxdyrkyz8m0430
360910395324,360910395324,0,360535180921,0,7119,0,7119,0,0,0,0,0,gonka1yd8s6z8enw080kj2wgynuwdxzx40gttchqe4za
21089861561,21089861561,0,21067935843,0,416,0,416,0,0,0,0,0,gonka1ye7unfm0nf6qa7awmcgxql7u2zq9fqv0g5qw3h
161672039708,161672039708,0,161503960101,0,3189,3114,3455,3114,157705654360,157705654360,0,157.70565436,gonka1yk34z38t92jzjgq2ga7tkfpj07sf4ss3tj6n2m
2325410721044,2325410721044,0,2322993147024,0,45869,0,46668,0,0,0,0,0,gonka1ym3np7guxart483yfdxnlztuazx22cjt0e4a2p
159745561970,159745561970,0,159579485192,0,3151,0,3362,0,0,0,0,0,gonka1yn54kaefrf7sjk66c74gqap0mquzjqvthsyhwe
0,0,0,0,0,0,3891,0,3891,197056101835,197056101835,0,197.056101835,gonka1ypy2ygsa7se9lrcwxlstgwsy0lfged0kg8ft95
0,0,0,0,0,0,631,48976,631,31956412300,31956412300,0,31.9564123,gonka1yq4vwn7fc9x7lykjhc0x3e7r2atee32czy34mt
0,0,0,0,0,0,19570,15757,19570,991104577978,991104577978,0,991.104577978,gonka1yquunstmnn35tuc6wsrlv020ul2rnuyldqkt37
214700874307,214700874307,0,214477664166,0,4235,0,4272,0,0,0,0,0,gonka1yysfdney9ayqhgd8e03zdkhqte3pr09zzevdrq
5249144870325,5249144870325,0,5243687685427,0,103540,1035,103699,1035,52416619224,52416619224,0,52.416619224,gonka1z3kelh3gx3t6kz303f8trdll3j5ap3zz8csyfm
2321659159132,2321659159132,0,2319245485359,0,45795,10125,45795,10125,512771275014,512771275014,0,512.771275014,gonka1z4ldfav9tl7x3w9aqfry89zd0kt7sa2lhff6te
85373381897,85373381897,0,85284624901,0,1684,0,1684,0,0,0,0,0,gonka1z8dh5kqdn2nnsg527qawy58ca5fme38xffq7ah
1943106283463,1943106283463,0,1941086165801,0,38328,0,38828,0,0,0,0,0,gonka1zap7nsccl6x83ucwvq0q6qrefmf9n7ejmj49j3
111989192761,111989192761,0,111872765087,0,2209,0,2242,0,0,0,0,0,gonka1zmxs507rnegc0takkkarfsu4cktemhzz4anmet
176019229184,176019229184,0,175836233763,0,3472,0,3814,0,0,0,0,0,gonka1zpm8qujddac84y7wfh7h3p85ys336n9zjqckzl
173028119011,173028119011,0,172848233247,0,3413,0,3413,0,0,0,0,0,gonka1zrnrd7zcqnhjytqa8zsg63slxt2g45ctlqy3fm
538349134421,538349134421,0,537789448827,0,10619,0,12970,0,0,0,0,0,gonka1zv89w02sdfzwy74s9vcthk38dnfsw36s4h7s93
